date,txVolume(USD),txCount,marketcap(USD),price(USD),exchangeVolume(USD),generatedCoins,fees
2015/08/07,0.0,0.0,0.0,2.77,164329.0,27075.46875,0.0,
2015/08/08,1513208.90806,2016.0,167911000.0,0.753325,674188.0,27437.65625,37.3184135113,
2015/08/09,1180418.47331,2807.0,42637600.0,0.701897,532170.0,27943.4375,68.0999700719,
2015/08/10,825663.034396,1298.0,43130000.0,0.708448,405283.0,27178.28125,14.0989497032,
2015/08/11,1787873.59146,1999.0,42796500.0,1.07,1463100.0,27817.34375,31.1651444384,
2015/08/12,1812411.90978,4945.0,64018400.0,1.22,2150620.0,28027.8125,11.311448586,
2015/08/13,1367895.16921,1993.0,73935400.0,1.83,4068680.0,27370.9375,32.5869924044,
2015/08/14,3271767.97783,2807.0,109594000.0,1.83,4637030.0,28268.125,24.9291691099,
2015/08/15,3879308.86087,3144.0,109160000.0,1.69,2554360.0,31106.71875,14.3548341128,
2015/08/16,7271112.03499,2264.0,102028000.0,1.57,3550790.0,28512.65625,8.83659302805,
2015/08/17,2050304.08408,2422.0,95819700.0,1.2,1942830.0,27094.53125,6.67723792491,
2015/08/18,2446787.8711,2503.0,88143200.0,1.09,1485680.0,28118.90625,7.64281183963,
2015/08/19,1951385.83293,2485.0,84663900.0,1.26,1486240.0,26162.8125,11.9060713402,
2015/08/20,1678378.92958,3224.0,90809000.0,1.46,2843760.0,27282.03125,15.4309506695,
2015/08/21,584281.384554,2266.0,107266000.0,1.4,2020970.0,21057.03125,6.85556694271,
2015/08/22,809852.028877,3888.0,101404000.0,1.38,948310.0,26690.9375,7.85504172471,
2015/08/23,667667.144384,3562.0,99894500.0,1.35,1589300.0,27550.46875,42.5471718296,
2015/08/24,612336.887354,4126.0,97791600.0,1.23,924920.0,26255.625,8.0497676729,
2015/08/25,526887.096134,4423.0,89321900.0,1.14,1307180.0,27333.28125,8.8762854198,
2015/08/26,471487.986079,4449.0,82384400.0,1.16,1056750.0,26736.09375,8.25975582511,
2015/08/27,505295.609432,4112.0,85106100.0,1.15,686662.0,26137.96875,7.44772927856,
2015/08/28,324602.464096,5568.0,83521700.0,1.19,721872.0,24532.8125,8.67096304289,
2015/08/29,354533.511801,4723.0,86887600.0,1.18,375377.0,24225.15625,9.92514837051,
2015/08/30,568054.153631,4109.0,86145900.0,1.32,1337650.0,22525.0,5.50745152606,
2015/08/31,565647.255306,4547.0,96251000.0,1.36,1447180.0,21453.59375,5.63417374243,
2015/09/01,519546.451543,5165.0,98617200.0,1.35,778862.0,21293.4375,7.42453381438,
2015/09/02,1831565.18644,5114.0,98504600.0,1.29,883769.0,20339.21875,7.84376985589,
2015/09/03,349670.170976,5160.0,94418700.0,1.26,702991.0,18391.09375,8.15373533105,
2015/09/04,707105.082813,4738.0,92234100.0,1.27,474391.0,17380.9375,6.9700256741,
2015/09/05,236575.18508,5601.0,93402300.0,1.34,448453.0,23081.875,9.73385636147,
2015/09/06,217718.634927,5471.0,97625500.0,1.3,491968.0,25629.0625,9.1412283236,
2015/09/07,370293.132399,5489.0,94585300.0,1.25,489014.0,26168.28125,8.05548773452,
2015/09/08,251127.566283,5626.0,91020700.0,1.24,427892.0,25460.46875,9.25642239587,
2015/09/09,319059.403552,5604.0,90518300.0,1.21,366748.0,25888.75,10.379926302,
2015/09/10,1340630.50971,5577.0,88230500.0,1.17,662782.0,26431.40625,9.84060106916,
2015/09/11,202492.45637,5328.0,85144300.0,0.982978,1942600.0,26444.21875,7.9258071708,
2015/09/12,755498.495391,6439.0,72179000.0,1.04,772430.0,27238.59375,8.87672815268,
2015/09/13,203706.161934,5555.0,76193600.0,0.936003,644138.0,26402.34375,11.3548331935,
2015/09/14,196109.58291,6017.0,68814400.0,0.875622,741085.0,26171.40625,9.57872567392,
2015/09/15,252560.084483,5542.0,64052400.0,0.94441,703390.0,25588.125,9.9015484194,
2015/09/16,547423.289366,5390.0,68963300.0,0.907175,615593.0,25615.3125,8.42699714528,
2015/09/17,484563.387416,5846.0,66415200.0,0.874231,897940.0,26318.125,15.1466170778,
2015/09/18,252465.093716,5343.0,64071300.0,0.853685,484622.0,25435.625,8.55652379146,
2015/09/19,359844.310551,5733.0,62262700.0,0.882391,386988.0,25894.21875,11.8348210662,
2015/09/20,366689.829326,5154.0,64600000.0,0.938445,508314.0,27187.1875,7.98220437293,
2015/09/21,120920.377034,6341.0,69045900.0,0.919047,424039.0,27982.65625,10.9696454718,
2015/09/22,142222.691554,6244.0,67444200.0,0.901796,487914.0,26651.875,10.1807419409,
2015/09/23,173889.947054,6759.0,66309600.0,0.893406,200541.0,26370.3125,11.4041451759,
2015/09/24,106670.895774,7369.0,65836400.0,0.81361,842505.0,27080.3125,10.7002671048,
2015/09/25,225813.278848,6185.0,60221400.0,0.736223,903457.0,26385.78125,10.3195062665,
2015/09/26,520398.51083,5801.0,54188900.0,0.785964,369620.0,27003.4375,9.83659491613,
2015/09/27,181178.180487,5903.0,58149600.0,0.720839,413801.0,25910.3125,9.28914647862,
2015/09/28,223189.129207,5732.0,53201800.0,0.582886,1320890.0,25011.09375,8.42387045044,
2015/09/29,471898.78982,6102.0,42607700.0,0.661146,913992.0,24714.21875,9.27234660931,
2015/09/30,298572.115577,5715.0,48636600.0,0.738644,619926.0,24364.6875,8.87732842075,
2015/10/01,351843.763432,5834.0,54032300.0,0.690215,596084.0,25097.5,8.38532711572,
2015/10/02,365429.693905,6402.0,50328700.0,0.678574,219318.0,27422.03125,8.76794946345,
2015/10/03,102282.326583,6053.0,49981900.0,0.687171,163326.0,26913.125,9.76529666285,
2015/10/04,82192.9410504,6101.0,50556000.0,0.668379,103497.0,26453.75,9.79164836446,
2015/10/05,174473.163833,6619.0,49131600.0,0.628643,234263.0,25480.15625,9.4319257859,
2015/10/06,106653.546624,6226.0,45863300.0,0.650645,262674.0,26136.875,11.4867735072,
2015/10/07,308741.045358,6440.0,47964700.0,0.609388,218327.0,25036.5625,9.99529995355,
2015/10/08,192853.629211,7100.0,44955900.0,0.621716,310266.0,26133.59375,12.1829899207,
2015/10/09,203924.127397,6912.0,48334900.0,0.650628,386420.0,26778.4375,11.9729333683,
2015/10/10,140796.962524,6751.0,47325200.0,0.627857,141555.0,25451.40625,11.3092183843,
2015/10/11,81585.8122272,6519.0,46327500.0,0.634963,102128.0,25499.6875,11.3828116171,
2015/10/12,95725.607813,6011.0,46864200.0,0.62603,109567.0,26507.03125,8.99879459915,
2015/10/13,164597.900425,6527.0,46395200.0,0.607655,303044.0,26803.75,10.7038073208,
2015/10/14,215046.707127,6765.0,45250600.0,0.522968,971664.0,26668.28125,12.3232487996,
2015/10/15,557670.571018,6772.0,38688300.0,0.561878,371022.0,25875.625,11.8319985211,
2015/10/16,428969.43462,6424.0,41608900.0,0.536495,249891.0,25610.46875,18.8703438617,
2015/10/17,197050.581816,6748.0,39515900.0,0.547178,313860.0,25441.40625,21.1794465456,
2015/10/18,126250.973622,6508.0,40550400.0,0.517734,133690.0,26450.625,12.2914624458,
2015/10/19,89057.7953754,6442.0,38321300.0,0.489014,243742.0,25848.28125,13.1130126021,
2015/10/20,223815.818472,6550.0,36261200.0,0.434829,383921.0,25966.71875,11.6992191396,
2015/10/21,224379.537029,5867.0,31973600.0,0.447329,609085.0,26192.5,11.5270197988,
2015/10/22,395707.711178,6159.0,32977300.0,0.567702,924822.0,26046.40625,10.1558577347,
2015/10/23,334185.628064,5909.0,41986400.0,0.539657,878822.0,25330.78125,13.2005048379,
2015/10/24,435622.539024,6768.0,40022100.0,0.56359,258356.0,27554.84375,13.7479413918,
2015/10/25,61520.8028854,6234.0,41781300.0,0.616039,635384.0,27118.75,10.6966382172,
2015/10/26,191473.769782,5677.0,45991300.0,0.731317,1089120.0,26814.21875,9.07951212616,
2015/10/27,622204.494653,5896.0,52624300.0,0.869641,1846370.0,25912.1875,10.7732671216,
2015/10/28,1893398.6047,6687.0,64676600.0,1.0,2373050.0,27529.375,18.9028975784,
2015/10/29,1185980.45656,7298.0,74675600.0,1.21,2279240.0,26344.6875,10.8986966301,
2015/10/30,538471.746968,7793.0,89857400.0,1.04,2429200.0,27510.78125,12.55075174,
2015/10/31,1108543.47207,7842.0,77800300.0,0.916627,673892.0,27720.15625,13.4663216604,
2015/11/01,293002.959364,7499.0,68477200.0,1.06,588913.0,27751.5625,15.4824256005,
2015/11/02,144037.928399,6890.0,78701400.0,0.989789,1145200.0,28180.15625,16.1702610684,
2015/11/03,355409.228488,6522.0,74010000.0,1.01,1907690.0,27134.21875,10.3960139727,
2015/11/04,535087.603402,7354.0,75232400.0,0.89905,3060340.0,27605.78125,12.2403509899,
2015/11/05,721237.919374,7004.0,67070700.0,0.895637,1179840.0,27716.40625,9.39285695059,
2015/11/06,318719.136206,7440.0,67397100.0,0.926032,913666.0,27291.40625,10.5938905244,
2015/11/07,870604.524605,7828.0,68833200.0,0.927974,890187.0,27422.1875,15.9362701566,
2015/11/08,438746.081185,10863.0,68254300.0,1.03,1021460.0,26715.3125,32.0799197933,
2015/11/09,896041.805681,12342.0,76991800.0,0.999278,2045290.0,27289.0625,29.5268788824,
2015/11/10,884802.065749,7656.0,74685300.0,0.934348,854581.0,27059.53125,11.2631029194,
2015/11/11,705624.557118,8061.0,70236200.0,0.791829,1278580.0,27444.0625,15.3511926283,
2015/11/12,269970.859492,10173.0,59448700.0,0.895711,806156.0,27819.0625,23.0767913282,
2015/11/13,254000.96117,9500.0,67777000.0,0.904096,543671.0,28032.03125,25.8891012018,
2015/11/14,414310.843934,7830.0,67631900.0,0.888812,372514.0,28185.15625,14.5833024649,
2015/11/15,257062.1921,7187.0,66590200.0,0.906368,411848.0,28357.65625,18.5340335117,
2015/11/16,163087.132542,7138.0,67730700.0,0.928962,620945.0,28120.15625,11.4839740926,
2015/11/17,440357.181046,7407.0,69157900.0,1.01,1145440.0,27395.15625,10.2696359731,
2015/11/18,1149523.82674,7115.0,74287700.0,0.993319,681104.0,27793.59375,9.59682965058,
2015/11/19,190160.876984,7330.0,73976100.0,0.955532,443528.0,27252.03125,10.3214753974,
2015/11/20,253830.952929,8834.0,71532500.0,0.92492,614335.0,26563.4375,15.8639395135,
2015/11/21,189932.314881,6328.0,69535300.0,0.97614,455976.0,25130.46875,11.9868992419,
2015/11/22,129805.860552,6780.0,73378800.0,0.968018,372173.0,26782.1875,11.2449100626,
2015/11/23,242455.040896,7053.0,72484200.0,0.946969,441875.0,26988.59375,11.2417153263,
2015/11/24,616263.460861,8205.0,70931100.0,0.900191,524195.0,27272.34375,13.3160847179,
2015/11/25,339922.172203,7107.0,67010200.0,0.863537,622991.0,26848.125,12.9664910272,
2015/11/26,166536.071778,7074.0,64740900.0,0.884183,947473.0,26471.875,12.4596309917,
2015/11/27,842504.943242,7262.0,66174600.0,0.867951,403813.0,26538.4375,9.30701047999,
2015/11/28,621812.730342,6628.0,65147000.0,0.915703,462464.0,27886.875,9.39919261942,
2015/11/29,106043.338921,6801.0,68625100.0,0.878614,448358.0,27201.09375,14.5671305715,
2015/11/30,166186.830731,6830.0,66080400.0,0.873119,784439.0,27350.9375,9.09079211711,
2015/12/01,206120.865967,8966.0,65980000.0,0.8748,652857.0,27360.0,20.8157515377,
2015/12/02,183251.672283,6753.0,65615700.0,0.82121,506307.0,27542.8125,13.0743889446,
2015/12/03,239364.146041,6471.0,61530500.0,0.812143,539969.0,26007.03125,11.4381225322,
2015/12/04,185900.10279,6938.0,61065700.0,0.840041,241278.0,28063.28125,10.666077605,
2015/12/05,144826.733308,6823.0,63276000.0,0.862438,232743.0,26679.375,12.3723423175,
2015/12/06,120270.725139,6724.0,65194900.0,0.8355,443608.0,26581.875,13.0848245148,
2015/12/07,194169.121231,8945.0,62950900.0,0.811264,520409.0,26255.78125,17.1474042232,
2015/12/08,371338.884165,7090.0,60690400.0,0.822118,445903.0,26718.90625,9.64277225226,
2015/12/09,140493.716133,6657.0,62098400.0,0.792167,624221.0,26312.5,9.14620089429,
2015/12/10,205994.991289,6963.0,59945000.0,0.840396,369589.0,28324.0625,10.1369894327,
2015/12/11,201601.634908,7388.0,63312400.0,0.929762,801072.0,27477.34375,11.3409350434,
2015/12/12,311820.06843,8051.0,70210000.0,0.976973,1376280.0,27022.8125,16.8524437878,
2015/12/13,462913.927849,8170.0,73276400.0,0.952884,273614.0,27206.5625,23.1231431759,
2015/12/14,321201.05894,7334.0,72176400.0,0.993022,563436.0,27907.34375,18.7321097127,
2015/12/15,311800.179948,15478.0,74764100.0,1.01,578618.0,26708.59375,74.6524395615,
2015/12/16,530466.361328,21062.0,76791600.0,0.991182,320767.0,27014.53125,114.407858337,
2015/12/17,1372177.31275,10272.0,74999300.0,0.940701,640765.0,26457.34375,44.2167818748,
2015/12/18,404352.336245,9507.0,70890600.0,0.920127,300787.0,26883.125,32.4010752132,
2015/12/19,215493.240879,8920.0,69644200.0,0.908072,343535.0,26671.5625,32.1814214547,
2015/12/20,205972.388847,9304.0,68663100.0,0.903885,472164.0,26694.53125,28.5162309257,
2015/12/21,185104.749759,9852.0,68521200.0,0.900771,549113.0,26436.09375,34.4271700216,
2015/12/22,202398.482075,12003.0,67704600.0,0.864202,454249.0,26457.8125,39.1191939984,
2015/12/23,203914.933768,21004.0,65215800.0,0.858077,334993.0,27374.375,59.162525717,
2015/12/24,123824.039549,22711.0,65060000.0,0.863262,354646.0,27399.375,81.4259907463,
2015/12/25,108429.122464,13480.0,65275400.0,0.870363,187114.0,26686.5625,45.7546378631,
2015/12/26,58633.3700106,9505.0,65961900.0,0.854603,425282.0,26803.59375,26.5940592965,
2015/12/27,124379.591408,10694.0,64650000.0,0.856365,164565.0,26560.15625,31.2961851884,
2015/12/28,67089.4963984,21856.0,64913200.0,0.845005,235134.0,26853.75,86.6343450292,
2015/12/29,385840.610586,12325.0,63985600.0,0.873054,215742.0,27057.96875,36.4004906885,
2015/12/30,261049.746888,11292.0,66314200.0,0.911958,604078.0,26661.09375,33.1892110499,
2015/12/31,200885.9716,21716.0,69207400.0,0.933542,663994.0,26736.25,76.1322840017,
2016/01/01,369299.939419,10257.0,70870900.0,0.948024,206062.0,26908.28125,25.0673246473,
2016/01/02,322883.971884,8206.0,71933100.0,0.937124,255504.0,26070.3125,15.6508949367,
2016/01/03,251956.613314,9140.0,71275900.0,0.971905,407632.0,27383.90625,19.3597908119,
2016/01/04,353940.267394,9248.0,73853900.0,0.95448,346245.0,27675.78125,19.4483166825,
2016/01/05,146441.098451,9425.0,72442400.0,0.950176,219833.0,27420.625,21.3104318963,
2016/01/06,985362.130921,16380.0,72229700.0,0.95086,308791.0,27839.21875,60.3564445043,
2016/01/07,246680.856324,17007.0,72692900.0,0.942005,647462.0,27625.46875,66.5339184502,
2016/01/08,345598.008842,22025.0,71724000.0,0.986789,545600.0,27022.1875,65.5065476024,
2016/01/09,193710.374455,10891.0,75001800.0,0.986833,226281.0,27996.71875,26.0495075445,
2016/01/10,210614.085304,11692.0,75031200.0,0.999231,390888.0,27595.78125,39.3005175209,
2016/01/11,149356.011306,10255.0,76096500.0,1.06,1011920.0,27287.96875,26.3260527733,
2016/01/12,575195.685402,10846.0,81217300.0,1.14,2898760.0,27005.15625,25.5135651128,
2016/01/13,1119216.92321,10824.0,86530000.0,1.13,1005910.0,25900.78125,25.6307222675,
2016/01/14,503638.633746,17634.0,85539300.0,1.19,751961.0,26535.3125,60.3126094436,
2016/01/15,402325.049785,10617.0,90321700.0,1.21,3910550.0,26919.21875,26.776176405,
2016/01/16,1153374.95949,9827.0,93099400.0,1.22,2462630.0,26797.34375,23.1601242178,
2016/01/17,759713.330913,10622.0,93207300.0,1.33,1171150.0,26523.125,22.6502570573,
2016/01/18,530471.610996,9707.0,101699000.0,1.43,4278930.0,26599.84375,17.0397021972,
2016/01/19,3104335.74071,12883.0,108628000.0,1.37,2446740.0,26620.15625,30.9188099799,
2016/01/20,1898308.91263,13383.0,104124000.0,1.53,2933220.0,26092.8125,35.576958228,
2016/01/21,930336.512445,10549.0,117111000.0,1.55,1614960.0,26542.5,19.0134918696,
2016/01/22,742527.131725,10636.0,118244000.0,1.5,1567240.0,25919.21875,20.2959758345,
2016/01/23,1810478.59228,13752.0,115002000.0,1.97,7370980.0,26255.0,31.1813250746,
2016/01/24,2447846.97169,10946.0,145358000.0,2.14,9669770.0,25769.6875,17.4328034106,
2016/01/25,4801648.83389,12715.0,164313000.0,2.5,10739300.0,27239.21875,23.7308825767,
2016/01/26,4878028.27909,17048.0,193838000.0,2.28,13939200.0,25700.78125,40.1912428608,
2016/01/27,3453823.92221,16451.0,172061000.0,2.39,6961080.0,26985.46875,37.8980575476,
2016/01/28,3077775.18452,18660.0,184294000.0,2.53,4903850.0,26104.53125,56.8601467197,
2016/01/29,2295583.7415,16692.0,194815000.0,2.49,6662340.0,26560.9375,41.3560110411,
2016/01/30,2115529.35505,16323.0,192176000.0,2.45,3725080.0,26164.21875,37.4103434275,
2016/01/31,2286923.7944,14594.0,187289000.0,2.31,5847500.0,26193.125,35.4292821681,
2016/02/01,2420235.93163,14092.0,177881000.0,2.21,3994100.0,25681.875,33.8837693668,
2016/02/02,1463886.23621,14122.0,169923000.0,2.44,3451270.0,26431.25,32.5392274162,
2016/02/03,1566748.18091,14242.0,186609000.0,2.53,3987750.0,25864.6875,29.4629278384,
2016/02/04,1600548.61752,14218.0,194126000.0,2.58,3552320.0,27301.71875,27.7291754773,
2016/02/05,838020.764177,14273.0,197363000.0,2.54,2636700.0,26562.34375,32.7175018566,
2016/02/06,1458506.72924,15140.0,194621000.0,2.53,1921240.0,26558.59375,38.9743714932,
2016/02/07,692727.875527,31337.0,194884000.0,2.96,7007060.0,26345.78125,240.782836139,
2016/02/08,2847971.65951,14219.0,228504000.0,3.18,9725690.0,26684.6875,53.1207339074,
2016/02/09,5952257.01902,14598.0,244110000.0,4.04,17954000.0,26651.875,37.8124273589,
2016/02/10,6955574.33804,15453.0,307684000.0,4.44,28640400.0,26474.21875,50.1669254837,
2016/02/11,11639791.6455,17079.0,345964000.0,6.01,26408200.0,26161.25,58.8842443713,
2016/02/12,9972731.36267,21064.0,457618000.0,5.55,23360800.0,26477.8125,46.5235472664,
2016/02/13,11332802.4288,18001.0,437667000.0,5.39,24218800.0,26498.90625,33.065545419,
2016/02/14,6770715.64224,19247.0,416193000.0,5.24,11226500.0,26884.6875,36.1185857096,
2016/02/15,4864253.42393,16571.0,410643000.0,5.29,13934200.0,26329.0625,27.7730442997,
2016/02/16,3163757.42542,17096.0,410605000.0,4.32,15889100.0,26225.3125,30.7253429587,
2016/02/17,4887366.631,17458.0,330635000.0,3.76,15451000.0,26445.78125,33.2945208106,
2016/02/18,3317667.51652,19901.0,291068000.0,4.4,17054000.0,25672.03125,41.0193936772,
2016/02/19,5341623.4926,16895.0,338222000.0,4.74,7666320.0,26214.84375,29.2699233549,
2016/02/20,2144319.45576,17788.0,361281000.0,4.34,8631090.0,26655.46875,37.0360032943,
2016/02/21,5542949.38624,16664.0,336572000.0,4.65,6413550.0,26560.78125,26.7916448964,
2016/02/22,2680930.50592,16981.0,360185000.0,5.62,15056200.0,26536.5625,28.140680308,
2016/02/23,4496981.76277,18096.0,439084000.0,5.59,13380600.0,26757.8125,32.5491110595,
2016/02/24,9673772.90739,18357.0,432977000.0,6.24,11426500.0,26170.0,94.1643662476,
2016/02/25,12777756.7468,19476.0,478149000.0,6.1,21471800.0,26426.875,52.032071341,
2016/02/26,5462614.52186,19412.0,466797000.0,5.92,9526860.0,26823.75,31.6128430903,
2016/02/27,25795550.5448,20374.0,461169000.0,6.43,8903210.0,26654.0625,50.8616404256,
2016/02/28,14057360.6624,18903.0,495545000.0,6.47,9851660.0,26196.09375,28.3747446946,
2016/02/29,4940966.2561,18954.0,499587000.0,6.34,7648020.0,26425.78125,29.3587208003,
2016/03/01,5443068.23292,20146.0,489188000.0,7.65,23098100.0,25229.53125,32.9441902138,
2016/03/02,11042191.5115,21664.0,591078000.0,8.47,29130200.0,26481.09375,33.9508403306,
2016/03/03,33433049.7629,23485.0,653959000.0,9.29,40314900.0,26644.21875,39.0787626379,
2016/03/04,21845813.7174,24751.0,716027000.0,10.41,35520100.0,26111.25,35.3327310901,
2016/03/05,16623027.9623,24159.0,803827000.0,11.0,56439600.0,25881.5625,33.9631795907,
2016/03/06,32589923.3759,26956.0,868736000.0,11.38,39112000.0,26585.9375,33.8981528103,
2016/03/07,15405310.7109,27548.0,886447000.0,9.55,34085100.0,25399.6875,37.6921226264,
2016/03/08,14567892.4991,23178.0,743456000.0,9.85,25524300.0,25985.46875,30.3772576273,
2016/03/09,25549943.0759,23950.0,760017000.0,11.9,27540500.0,25823.125,33.3474639412,
2016/03/10,12710297.6751,24374.0,922452000.0,11.3,26851500.0,25740.78125,26.064171433,
2016/03/11,9499167.25837,24727.0,871511000.0,11.08,21002700.0,26630.0,20.3466620474,
2016/03/12,12725293.6741,23042.0,864733000.0,13.53,48957300.0,26302.5,19.2479047956,
2016/03/13,22099353.2116,27799.0,1049930000.0,14.47,43915100.0,26370.15625,24.2939252773,
2016/03/14,24684843.4814,28014.0,1128180000.0,12.45,58385100.0,27250.46875,25.6417147769,
2016/03/15,21239715.2142,28359.0,1011090000.0,13.01,28404500.0,26407.96875,27.7887085331,
2016/03/16,16224926.3124,29149.0,1013020000.0,12.52,24335500.0,31223.59375,24.0129653977,
2016/03/17,12352137.9202,27458.0,977389000.0,11.08,41650600.0,31490.15625,23.8727859454,
2016/03/18,19184486.774,33445.0,867949000.0,11.0,53956800.0,32024.53125,31.6680980213,
2016/03/19,24806583.0556,31727.0,875689000.0,10.53,26735700.0,31282.8125,27.4326886832,
2016/03/20,8175083.63709,34712.0,822297000.0,10.32,17651100.0,32079.0625,44.2853796416,
2016/03/21,6590494.64813,32304.0,805997000.0,11.86,28572600.0,31587.65625,35.7288538516,
2016/03/22,10047250.6722,32327.0,929610000.0,11.27,19730300.0,31394.21875,32.4623890738,
2016/03/23,8514187.36905,32812.0,887595000.0,12.42,19353200.0,31711.875,26.1394891028,
2016/03/24,6437917.69073,31562.0,975295000.0,11.23,26081800.0,31294.0625,32.6582983315,
2016/03/25,10248294.6005,36705.0,883012000.0,10.74,13782000.0,32071.09375,41.4097826339,
2016/03/26,6080538.87997,36665.0,844742000.0,10.97,9425480.0,31889.84375,40.3548918251,
2016/03/27,3474899.21118,36537.0,862211000.0,10.42,16744800.0,31928.4375,35.0564205112,
2016/03/28,13693092.1586,29895.0,819007000.0,11.67,23188300.0,31630.78125,19.2099077568,
2016/03/29,9250377.55034,33508.0,923114000.0,11.66,17684200.0,31313.4375,26.3821260856,
2016/03/30,15451180.1932,33803.0,911902000.0,11.95,19351200.0,31437.8125,23.9127898866,
2016/03/31,15571898.0385,36649.0,936992000.0,11.4,14966700.0,31700.46875,37.3774814231,
2016/04/01,10472175.541,31397.0,896537000.0,11.66,11373100.0,31388.90625,25.0216632981,
2016/04/02,4438838.23219,33194.0,914995000.0,11.6,8682620.0,31884.6875,24.2374098938,
2016/04/03,4370357.5857,29155.0,915175000.0,11.62,5580550.0,31081.25,18.065663951,
2016/04/04,2435523.81066,29479.0,914560000.0,11.16,9599070.0,31729.6875,17.9368728686,
2016/04/05,4586169.50041,34797.0,883170000.0,10.44,20557300.0,31953.125,24.8694159203,
2016/04/06,7341413.96263,39041.0,823420000.0,10.69,16997100.0,31574.84375,28.6069272826,
2016/04/07,5930116.38068,31977.0,843091000.0,10.07,13464500.0,31262.65625,21.6791327625,
2016/04/08,7037342.32595,31756.0,794705000.0,9.72,14660600.0,31167.34375,21.4127194869,
2016/04/09,5032015.4334,33911.0,764797000.0,9.15,16194800.0,31914.375,25.167538266,
2016/04/10,11685062.4947,31859.0,722133000.0,8.94,42613400.0,30913.59375,19.9980599971,
2016/04/11,10200731.3257,32161.0,706074000.0,8.64,15138100.0,31774.21875,19.4470129477,
2016/04/12,4639196.72237,30227.0,682395000.0,7.44,23190100.0,30970.9375,18.6565029086,
2016/04/13,8767146.39189,34592.0,587994000.0,8.04,31403300.0,31385.9375,22.906012148,
2016/04/14,9547830.72985,35988.0,638330000.0,8.39,13590700.0,31486.09375,32.96712421,
2016/04/15,7777707.72785,34716.0,663169000.0,8.24,12179000.0,31401.09375,31.7285716006,
2016/04/16,5096008.78384,34895.0,651554000.0,8.61,9888460.0,31733.4375,23.3788742306,
2016/04/17,4035680.11108,30432.0,682467000.0,9.31,24619600.0,31531.25,17.2244827782,
2016/04/18,7456288.24635,40159.0,738916000.0,9.04,21084100.0,31499.375,30.2081937039,
2016/04/19,5561982.95462,33457.0,718825000.0,8.71,12899100.0,31863.28125,20.0991878237,
2016/04/20,3460989.44648,32577.0,688434000.0,8.47,15634700.0,31326.5625,19.10494585,
2016/04/21,5465189.28087,32843.0,670104000.0,8.1,13355400.0,31831.40625,23.8484106082,
2016/04/22,3701528.57805,36181.0,646298000.0,7.82,13309300.0,31373.90625,30.3808260505,
2016/04/23,6252973.44464,31586.0,618147000.0,8.29,14565200.0,31576.71875,20.5760795602,
2016/04/24,8112508.9556,31763.0,658203000.0,8.0,10786400.0,31693.59375,19.5139447522,
2016/04/25,2833369.4859,33970.0,635784000.0,7.55,18239900.0,31493.75,22.4860145178,
2016/04/26,5274997.24606,35325.0,597819000.0,7.4,17667300.0,32138.28125,23.8621661786,
2016/04/27,9029172.3352,32495.0,587076000.0,7.76,19254500.0,31287.8125,21.6593834799,
2016/04/28,5605271.72001,33772.0,615316000.0,7.17,11576000.0,31875.0,20.450152725,
2016/04/29,5807727.45723,34251.0,573124000.0,7.46,8762080.0,31682.5,22.6386238477,
2016/04/30,5357738.68426,37277.0,592992000.0,8.81,36573300.0,31683.59375,23.4352529152,
2016/05/01,23966096.6074,45676.0,698377000.0,8.85,16713800.0,31891.71875,32.1524560635,
2016/05/02,17935965.5604,38442.0,708137000.0,10.16,41019200.0,31009.0625,36.7006692374,
2016/05/03,17863986.9232,41654.0,809644000.0,9.31,21463900.0,31912.1875,27.4278673978,
2016/05/04,13271516.1463,37701.0,747638000.0,9.41,17622400.0,31794.375,26.8409902307,
2016/05/05,10811301.2959,37333.0,749038000.0,9.83,18296200.0,31458.75,27.3227470289,
2016/05/06,10329392.9767,38564.0,782261000.0,9.35,21510600.0,31776.25,31.1348114447,
2016/05/07,19186457.9146,41105.0,743166000.0,9.37,10806500.0,31741.40625,35.1748890596,
2016/05/08,14420572.3063,35795.0,748030000.0,9.48,15031000.0,31573.125,24.2278234342,
2016/05/09,13242039.7247,39960.0,758000000.0,9.3,13085300.0,31849.21875,28.9009012759,
2016/05/10,18995847.5338,38421.0,741417000.0,9.36,9321790.0,31801.40625,26.3419338861,
2016/05/11,20681418.23,40566.0,753600000.0,10.0,15267500.0,31700.9375,27.7014495532,
2016/05/12,30718613.6337,40649.0,798952000.0,10.06,24137700.0,31253.125,31.6268258168,
2016/05/13,34330273.9521,44830.0,804647000.0,10.51,31276900.0,32257.03125,39.262539722,
2016/05/14,83248030.171,47587.0,840395000.0,10.24,18808000.0,32196.71875,43.1900099362,
2016/05/15,58913525.2608,45649.0,819399000.0,9.96,9218400.0,31667.8125,35.4513350692,
2016/05/16,16711391.5263,42986.0,798116000.0,11.17,29079900.0,31805.46875,31.3052073619,
2016/05/17,18206018.6816,37150.0,896505000.0,12.2,37198700.0,31514.6875,27.5984398169,
2016/05/18,17945549.6354,40019.0,975878000.0,13.56,65389900.0,32192.1875,28.4667373773,
2016/05/19,26887170.8969,45760.0,1085570000.0,14.77,53757500.0,32404.375,35.0700451096,
2016/05/20,36306740.8994,44361.0,1191080000.0,13.64,50544100.0,31903.59375,33.1446751217,
2016/05/21,31724677.3807,44957.0,1098220000.0,14.02,24648400.0,32089.6875,38.0279693732,
2016/05/22,14258413.6003,41727.0,1126810000.0,14.29,17938900.0,31835.78125,35.7999311369,
2016/05/23,9048868.18539,38433.0,1146470000.0,13.46,23842800.0,32260.0,28.8760891148,
2016/05/24,15940320.4262,43655.0,1068670000.0,12.73,41560600.0,32080.625,29.6344093351,
2016/05/25,22089097.9688,42785.0,1027940000.0,12.53,27444700.0,32003.28125,28.5958066832,
2016/05/26,21339269.3687,46282.0,1006080000.0,12.43,20764000.0,32357.03125,32.7334181652,
2016/05/27,14489639.9652,50948.0,996293000.0,11.3,57496400.0,32044.375,35.5583958399,
2016/05/28,31094039.8761,48529.0,911724000.0,11.89,47274800.0,32321.71875,37.9956614517,
2016/05/29,27329248.6372,68241.0,974784000.0,12.35,28598400.0,32318.59375,80.9727864538,
2016/05/30,12797736.1103,45291.0,992329000.0,12.73,14733800.0,31969.21875,38.7887229112,
2016/05/31,14256689.929,42691.0,1026410000.0,14.08,42433400.0,32007.1875,31.8557468224,
2016/06/01,14296732.9669,44174.0,1136900000.0,14.0,22471300.0,31529.21875,31.1542376751,
2016/06/02,10826122.3903,41938.0,1127830000.0,13.74,10477200.0,32147.96875,31.2007542113,
2016/06/03,6918803.51496,39467.0,1108220000.0,13.85,22981500.0,32182.1875,25.8601070977,
2016/06/04,8607840.17533,39713.0,1118460000.0,13.74,15792400.0,32272.1875,25.2400897144,
2016/06/05,6498966.62179,37751.0,1110690000.0,13.97,11088400.0,32141.5625,24.3835327478,
2016/06/06,6338949.50509,37754.0,1130350000.0,13.93,8720400.0,31583.125,23.8388060764,
2016/06/07,6968050.15891,38518.0,1126330000.0,14.51,21421600.0,32371.875,25.8661862688,
2016/06/08,14438233.6781,46008.0,1172230000.0,14.42,16941800.0,31945.9375,67.4821121368,
2016/06/09,30990099.1421,40289.0,1166450000.0,14.4,8256830.0,32302.96875,28.4308121929,
2016/06/10,6429707.31358,39565.0,1162500000.0,13.91,11312900.0,32225.9375,28.8947670119,
2016/06/11,12702792.1049,40048.0,1125180000.0,14.19,12176500.0,31164.21875,28.8965116069,
2016/06/12,8296010.13354,36776.0,1148070000.0,15.74,38210300.0,32371.71875,27.2246302396,
2016/06/13,19359413.9991,42385.0,1276930000.0,17.6,38023400.0,32220.625,29.1641009981,
2016/06/14,22310573.0038,45771.0,1426500000.0,18.89,64412200.0,32224.21875,36.9064528155,
2016/06/15,25957789.3529,49857.0,1531790000.0,18.35,19393400.0,32145.46875,38.4692114358,
2016/06/16,18904645.3097,43059.0,1488420000.0,20.59,38531000.0,31867.03125,30.4563759146,
2016/06/17,22796118.9923,42787.0,1674540000.0,15.38,199408000.0,31877.65625,40.8152922506,
2016/06/18,47663750.0489,63730.0,1247530000.0,11.33,133937000.0,33412.65625,229.306004249,
2016/06/19,62910076.5744,57751.0,906292000.0,12.23,69783600.0,34390.9375,271.194911214,
2016/06/20,21485679.9801,50584.0,993503000.0,11.84,58143600.0,33195.46875,54.1274846775,
2016/06/21,34807841.9609,46698.0,960014000.0,13.31,69245600.0,31714.84375,51.7672177062,
2016/06/22,23412547.7496,47092.0,1072510000.0,13.1,96994100.0,31988.4375,82.8444351301,
2016/06/23,28226746.7676,48353.0,1074240000.0,13.68,30806400.0,32670.625,51.4450641653,
2016/06/24,25463180.1386,41237.0,1112590000.0,14.33,33332900.0,31848.125,31.9782696885,
2016/06/25,16041743.2981,45105.0,1163530000.0,14.28,15383100.0,32171.875,39.4267481733,
2016/06/26,17415685.5082,36529.0,1160590000.0,13.85,14747600.0,31685.9375,28.3016482214,
2016/06/27,8642696.42565,41513.0,1124170000.0,13.88,10994700.0,32314.6875,27.4679857904,
2016/06/28,7949656.89385,39529.0,1134340000.0,12.18,43436600.0,32094.84375,27.658056518,
2016/06/29,19662263.0108,42923.0,991926000.0,12.61,26982800.0,32161.40625,32.1001779297,
2016/06/30,15798329.592,49707.0,1027260000.0,12.46,15801300.0,31870.0,56.8564521144,
2016/07/01,10599712.9502,63819.0,1014220000.0,12.2,17236500.0,31982.96875,87.8874111626,
2016/07/02,10429995.3519,39552.0,996510000.0,12.13,8987070.0,32621.40625,45.4540962086,
2016/07/03,5424895.81517,39186.0,989132000.0,11.72,10588700.0,31916.5625,24.3756055503,
2016/07/04,5896117.71327,39621.0,954849000.0,11.47,12943500.0,32039.6875,30.7268765864,
2016/07/05,12417202.1696,39825.0,935730000.0,10.61,45526900.0,32137.1875,26.7728809561,
2016/07/06,37907894.0339,38506.0,864063000.0,10.53,18137300.0,31581.5625,30.1588816601,
2016/07/07,10734373.0849,37712.0,861144000.0,10.11,15407200.0,32354.84375,29.6920773155,
2016/07/08,11229983.1002,40329.0,827090000.0,11.39,20039800.0,31895.9375,26.6133004483,
2016/07/09,7569831.91859,42210.0,933946000.0,10.97,17254800.0,31949.53125,39.3474835453,
2016/07/10,6484172.60022,39896.0,896899000.0,10.95,5479240.0,32798.125,49.1146846651,
2016/07/11,6948317.4137,39242.0,895670000.0,10.46,13098000.0,31965.46875,27.646053878,
2016/07/12,8484357.58346,38430.0,855555000.0,10.52,11127700.0,31985.3125,28.5486932576,
2016/07/13,9091761.30225,39597.0,860770000.0,10.5,6715660.0,31757.34375,32.6386390419,
2016/07/14,10847359.6301,35569.0,868509000.0,11.51,23621900.0,32157.96875,24.749750158,
2016/07/15,11112922.7157,42593.0,942817000.0,11.95,26838900.0,31815.15625,32.4096418807,
2016/07/16,45511954.5535,40991.0,977658000.0,11.65,10445700.0,31884.6875,29.146970369,
2016/07/17,8726586.89544,37999.0,953762000.0,11.16,17921600.0,32166.09375,23.880860192,
2016/07/18,8430536.29866,33849.0,917151000.0,11.03,15931900.0,31781.71875,19.6470124335,
2016/07/19,33239877.9538,39107.0,907135000.0,11.62,21730000.0,32498.125,25.6532652757,
2016/07/20,121415706.126,44086.0,952143000.0,12.45,60226100.0,31773.90625,29.2178985719,
2016/07/21,177717026.683,49675.0,1024000000.0,12.65,24636900.0,31911.09375,75.5856876749,
2016/07/22,25792514.6095,44687.0,1040640000.0,14.66,74779500.0,32787.5,34.2105207171,
2016/07/23,43467802.6356,48288.0,1206190000.0,14.3,32489700.0,31690.625,37.4178476059,
2016/07/24,33532685.2219,44923.0,1176250000.0,12.75,77750800.0,32391.25,33.0563051968,
2016/07/25,177417192.018,58122.0,1048920000.0,13.84,36673800.0,31480.0,37.34635349,
2016/07/26,117656734.728,54691.0,1137660000.0,11.99,94428800.0,31991.5625,39.4303377071,
2016/07/27,269730773.669,61701.0,992645000.0,12.97,58278800.0,30770.0,45.4888850849,
2016/07/28,160142125.464,51992.0,1069560000.0,12.84,24603900.0,32945.3125,38.2401256064,
2016/07/29,97735975.1894,48344.0,1058220000.0,12.79,14082300.0,32354.21875,63.9512623846,
2016/07/30,66545472.0883,46930.0,1055410000.0,12.46,9047810.0,31939.375,45.6820482747,
2016/07/31,44731304.7509,41925.0,1026310000.0,11.88,25441400.0,31641.71875,29.9904692087,
2016/08/01,39646653.1448,48662.0,981735000.0,10.94,23999500.0,32219.53125,30.3715109,
2016/08/02,47846670.8945,45919.0,903978000.0,8.79,88803300.0,31594.375,30.4418022721,
2016/08/03,104563098.132,48872.0,733204000.0,10.29,53979400.0,31355.15625,33.9640038066,
2016/08/04,96689072.3638,49346.0,851992000.0,11.04,38151400.0,31703.90625,33.0260360954,
2016/08/05,40264214.8162,46559.0,910856000.0,10.93,15487900.0,32856.5625,32.4119004697,
2016/08/06,45640863.8931,43089.0,902752000.0,10.88,16712600.0,32232.03125,29.404612597,
2016/08/07,19773736.373,41377.0,898340000.0,10.91,16551000.0,31586.09375,26.0545090408,
2016/08/08,23617383.8591,42880.0,903184000.0,11.25,14956700.0,32294.84375,27.6960324326,
2016/08/09,26041574.8548,42789.0,933431000.0,12.24,36656600.0,32175.9375,53.896575426,
2016/08/10,38469764.2498,46695.0,1012910000.0,12.14,28096300.0,32666.40625,31.4768203967,
2016/08/11,56374761.3532,45893.0,1005720000.0,11.69,17505000.0,32162.96875,33.4222422815,
2016/08/12,45861295.8821,47851.0,968865000.0,11.78,13690100.0,32196.09375,32.0867216427,
2016/08/13,26573643.8214,44066.0,975999000.0,11.57,7539490.0,32112.03125,30.1998667709,
2016/08/14,22344858.113,40891.0,960855000.0,11.19,8680160.0,31998.90625,25.0778138471,
2016/08/15,18074505.072,40545.0,929558000.0,11.22,7500840.0,31965.15625,24.1981188808,
2016/08/16,15960097.3373,42234.0,932162000.0,11.14,7051510.0,32332.65625,27.1551555564,
2016/08/17,10039109.3204,48880.0,924591000.0,10.75,8833760.0,32037.1875,31.1642849287,
2016/08/18,18996575.324,44805.0,892903000.0,10.76,6935800.0,31994.53125,28.7017390128,
2016/08/19,12746921.5545,47731.0,893156000.0,10.75,5390850.0,32789.0625,36.0614908017,
2016/08/20,11539574.0237,42893.0,893814000.0,11.25,7443540.0,31841.40625,29.8323587496,
2016/08/21,17326828.54,41253.0,936015000.0,11.18,4355660.0,32228.125,26.6076953257,
2016/08/22,39506302.256,42468.0,930708000.0,11.12,6588920.0,32699.84375,29.0174424724,
2016/08/23,24652417.606,44161.0,927065000.0,11.03,6489380.0,32289.6875,29.9094560932,
2016/08/24,49498021.0425,48028.0,918039000.0,11.04,4423420.0,32187.03125,72.1185708616,
2016/08/25,11369713.2065,46724.0,918977000.0,11.36,8552380.0,32273.4375,30.0032587804,
2016/08/26,10448042.275,49762.0,946092000.0,11.3,5857850.0,32135.625,32.4829039281,
2016/08/27,21826921.0302,47246.0,941585000.0,11.15,15108400.0,31871.40625,31.5759359478,
2016/08/28,10534926.1135,47889.0,929690000.0,10.93,5303040.0,32306.40625,28.5799392376,
2016/08/29,9111220.83106,42580.0,910698000.0,10.98,8130540.0,32024.21875,25.7272567154,
2016/08/30,13390120.1255,45441.0,917474000.0,11.23,7221260.0,31930.15625,29.4068966774,
2016/08/31,10009353.0084,46872.0,938406000.0,11.67,11073700.0,31871.09375,32.2463765944,
2016/09/01,13100143.6018,45771.0,974844000.0,11.99,24051500.0,32138.28125,29.9976642563,
2016/09/02,24003691.1299,47430.0,999757000.0,12.11,9368300.0,31744.6875,31.7436559422,
2016/09/03,20640543.2179,55316.0,1012580000.0,11.76,13358800.0,32384.0625,45.2298779712,
2016/09/04,14607698.3021,44765.0,982952000.0,11.68,7220550.0,31495.9375,27.1807498054,
2016/09/05,17388884.2382,48066.0,977169000.0,11.72,5724100.0,31859.6875,49.336067762,
2016/09/06,9507620.77724,42454.0,981303000.0,11.69,6346330.0,32194.0625,28.6288674638,
2016/09/07,11170082.8798,48888.0,979087000.0,11.55,6115050.0,31681.40625,33.3802667258,
2016/09/08,10002476.0839,48547.0,967010000.0,11.35,11535000.0,32267.8125,34.199424352,
2016/09/09,17663129.4341,55832.0,956210000.0,11.65,6109200.0,31908.59375,41.2065397787,
2016/09/10,8460825.01169,53507.0,977515000.0,12.17,7220300.0,32216.875,41.8968790074,
2016/09/11,7787300.19499,42595.0,1023640000.0,11.64,8791180.0,31830.625,27.4070633415,
2016/09/12,10051070.3747,43291.0,976645000.0,11.89,7478080.0,32352.96875,28.5480457112,
2016/09/13,11079763.4258,44320.0,997638000.0,11.92,11704300.0,32237.03125,35.0299990119,
2016/09/14,11408234.2691,42499.0,999352000.0,11.92,5694820.0,31904.84375,30.3921718439,
2016/09/15,8991444.14041,53693.0,1002970000.0,11.94,7309090.0,32528.75,36.2993589651,
2016/09/16,7747088.03537,52522.0,1004740000.0,12.56,17421500.0,32182.8125,36.226955151,
2016/09/17,28824170.4513,57334.0,1055440000.0,12.7,7446610.0,32239.0625,46.9320136472,
2016/09/18,9939418.44201,46836.0,1066620000.0,12.43,22433300.0,32155.0,35.2813181503,
2016/09/19,20657794.366,37734.0,1045870000.0,13.19,13838800.0,29573.90625,29.6452623983,
2016/09/20,13303929.9333,40477.0,1111810000.0,14.43,31929100.0,34276.875,27.6173777105,
2016/09/21,50760042.376,53967.0,1214950000.0,13.77,28645000.0,32492.5,32.8255675989,
2016/09/22,53598096.1686,44311.0,1150650000.0,13.25,27382800.0,32083.75,30.1721860638,
2016/09/23,25151002.0699,52594.0,1112590000.0,13.33,9166430.0,31605.625,63.1461319383,
2016/09/24,26357451.5163,35208.0,1122670000.0,12.88,9824880.0,34276.875,49.0309313726,
2016/09/25,17544124.7307,43295.0,1083510000.0,13.1,5283440.0,33324.21875,71.029474726,
2016/09/26,31892921.8101,38641.0,1110700000.0,12.82,7213070.0,34394.21875,67.1402010936,
2016/09/27,19014825.4589,43448.0,1085330000.0,13.1,6831070.0,32127.65625,115.639205561,
2016/09/28,15035742.1079,46771.0,1106330000.0,13.27,10239000.0,35287.5,98.5407520975,
2016/09/29,32598814.3748,42726.0,1121060000.0,13.07,5990630.0,32403.4375,68.1326911274,
2016/09/30,27917158.2854,40002.0,1104530000.0,13.22,5950840.0,32313.4375,41.279258006,
2016/10/01,12023644.9631,35590.0,1115690000.0,13.17,6331160.0,31623.28125,40.2590267936,
2016/10/02,10871461.7383,53033.0,1114200000.0,13.2,4079660.0,34478.59375,91.389499898,
2016/10/03,24140975.8088,50920.0,1116600000.0,13.45,7458320.0,35749.53125,87.475216666,
2016/10/04,8106752.93683,47056.0,1137980000.0,13.28,8348280.0,33282.65625,65.9275326369,
2016/10/05,9156871.20553,34074.0,1124270000.0,13.04,9881370.0,32054.53125,85.3677929496,
2016/10/06,13370029.9962,40876.0,1102940000.0,12.85,12044800.0,33081.5625,64.1657444881,
2016/10/07,11803915.4557,35896.0,1088570000.0,12.67,8933050.0,32822.5,50.2581089005,
2016/10/08,11439060.1214,43522.0,1073990000.0,12.22,11611200.0,36571.25,53.5697702514,
2016/10/09,12671806.7516,37109.0,1035590000.0,12.05,7208480.0,36094.6875,56.3805619035,
2016/10/10,30414204.0818,43242.0,1022860000.0,11.76,10809200.0,33425.625,60.0235700606,
2016/10/11,30479070.7058,43727.0,997949000.0,11.79,11727700.0,33130.9375,54.6366896803,
2016/10/12,27443793.1588,40560.0,1000220000.0,11.93,9694640.0,32479.53125,39.1986546124,
2016/10/13,31437933.2787,29943.0,1011190000.0,11.96,8665190.0,33092.65625,44.1864631391,
2016/10/14,12182945.584,32213.0,1018390000.0,11.94,4333510.0,34826.25,112.658501136,
2016/10/15,31562574.1573,41958.0,1014280000.0,11.98,4991840.0,32913.75,75.246620265,
2016/10/16,13862807.3187,33652.0,1018540000.0,11.95,3617280.0,32207.1875,69.0827230001,
2016/10/17,19205453.9548,34982.0,1016710000.0,12.01,5724440.0,32930.3125,66.9971004116,
2016/10/18,23097952.0854,38085.0,1020530000.0,12.59,18864200.0,32374.0625,71.5395033683,
2016/10/19,34418084.0516,51666.0,1071710000.0,12.02,10576200.0,33324.0625,96.8632747236,
2016/10/20,12839472.4559,38237.0,1025620000.0,12.1,8170760.0,33142.1875,92.7641216228,
2016/10/21,8850363.39285,43331.0,1033140000.0,12.18,5676920.0,34536.5625,54.9449656219,
2016/10/22,7485209.57322,57738.0,1037850000.0,12.07,7583820.0,32126.875,41.964566913,
2016/10/23,6042269.22657,37510.0,1033970000.0,12.04,5774660.0,31702.65625,27.6596726004,
2016/10/24,5181515.38536,35309.0,1026400000.0,11.97,5739690.0,31331.875,26.3630368418,
2016/10/25,7435506.44935,52440.0,1020850000.0,11.41,19316000.0,32061.875,48.590630046,
2016/10/26,12746964.7288,46551.0,971440000.0,11.53,10221800.0,31664.53125,43.1961562985,
2016/10/27,10714630.3476,44792.0,984361000.0,11.5,13255400.0,31956.875,35.2891849827,
2016/10/28,10272107.4214,44162.0,979916000.0,11.09,13971500.0,31445.0,33.3442909451,
2016/10/29,16088204.9366,41381.0,948271000.0,10.44,27070400.0,31079.0625,35.8920813422,
2016/10/30,20889306.0817,39950.0,891164000.0,11.18,16694900.0,29625.78125,31.1224817689,
2016/10/31,26710562.585,39262.0,960008000.0,11.0,13393900.0,31964.21875,30.5914776705,
2016/11/01,13384397.4339,44904.0,937123000.0,10.77,22901300.0,32021.25,33.4148255304,
2016/11/02,31079054.8097,48526.0,921691000.0,10.75,11691700.0,30498.4375,41.1926858898,
2016/11/03,46553411.0602,43439.0,924097000.0,10.8,15228600.0,31142.03125,29.1975357372,
2016/11/04,110391206.698,42275.0,926129000.0,11.09,9958040.0,31215.9375,29.7031402679,
2016/11/05,13184772.4124,32514.0,950213000.0,11.0,5502670.0,30923.59375,21.7013637406,
2016/11/06,9399188.08326,37619.0,941729000.0,10.87,5688710.0,31424.53125,24.5980636757,
2016/11/07,5566096.00127,34318.0,934536000.0,10.81,5992480.0,31800.15625,23.2827188812,
2016/11/08,6947603.40202,41880.0,930345000.0,10.83,6258150.0,33259.0625,29.0298231322,
2016/11/09,7206044.02233,41440.0,928063000.0,10.66,14606600.0,32327.1875,31.4683431288,
2016/11/10,21427278.3318,40374.0,915940000.0,10.52,4253980.0,31002.34375,34.9854255859,
2016/11/11,10514952.8328,39725.0,902479000.0,10.29,6056300.0,31210.78125,35.3774355681,
2016/11/12,37062259.4329,40981.0,883780000.0,9.88,10052500.0,31339.375,44.235781586,
2016/11/13,12557459.7075,40794.0,849342000.0,10.1,8227770.0,31950.0,30.7177583947,
2016/11/14,12627740.7787,43576.0,867755000.0,9.97,3573250.0,32424.21875,33.9264709621,
2016/11/15,5461550.67701,43604.0,857223000.0,10.22,6557550.0,31884.21875,38.3145625685,
2016/11/16,10409864.0687,45161.0,878610000.0,10.06,9533550.0,31437.03125,37.0273981022,
2016/11/17,10807216.3463,41411.0,865393000.0,9.99,6984700.0,31581.40625,34.924240184,
2016/11/18,30465281.167,40640.0,859571000.0,9.48,10816100.0,30808.59375,30.4288000137,
2016/11/19,10449908.9211,43588.0,816380000.0,9.66,5186540.0,33100.78125,34.7011694881,
2016/11/20,8248344.35456,39229.0,832050000.0,9.58,5173420.0,32331.09375,27.9002168261,
2016/11/21,6154084.62269,41912.0,825381000.0,9.62,3663210.0,32456.40625,32.596468833,
2016/11/22,6556815.50946,42182.0,829616000.0,9.91,11284400.0,31815.3125,35.2515116807,
2016/11/23,25477233.2207,53485.0,855265000.0,9.84,4812310.0,31177.5,38.0948458054,
2016/11/24,22501593.7378,64191.0,849229000.0,9.23,15987800.0,32621.875,82.2290779713,
2016/11/25,7895074.80056,36727.0,796268000.0,9.4,7669720.0,32401.40625,58.8932924112,
2016/11/26,14185785.7427,57092.0,812795000.0,9.33,3505990.0,33431.71875,59.8097480438,
2016/11/27,6332380.94663,40745.0,804085000.0,9.0,8707660.0,32496.5625,72.5988812305,
2016/11/28,6214173.51995,44386.0,777311000.0,8.72,6046890.0,33706.71875,114.916050187,
2016/11/29,6512172.71112,48286.0,754307000.0,8.17,17000400.0,33939.84375,122.219275573,
2016/11/30,11322420.1285,46941.0,705040000.0,8.59,10626600.0,32977.96875,101.589444819,
2016/12/01,10026415.0797,39066.0,743882000.0,8.45,5882340.0,31840.0,35.3198401469,
2016/12/02,8084552.29203,36994.0,731520000.0,7.76,18579800.0,31748.28125,27.2231365201,
2016/12/03,26258349.728,41559.0,672138000.0,7.92,12112100.0,31796.40625,28.0817572198,
2016/12/04,35908131.8673,41285.0,684258000.0,7.44,8450790.0,32116.40625,25.9100851966,
2016/12/05,11542005.1932,39587.0,641820000.0,6.82,17344500.0,31172.5,26.2590678523,
2016/12/06,28690253.6111,41478.0,589548000.0,7.87,50671200.0,31231.5625,31.2602277787,
2016/12/07,52470361.9999,48039.0,684258000.0,8.38,22229600.0,31978.75,34.7241903622,
2016/12/08,20115912.5653,41552.0,726878000.0,8.23,16042700.0,31710.625,34.9868308934,
2016/12/09,21171211.6025,39446.0,708468000.0,8.45,12916300.0,32094.0625,792.488980473,
2016/12/10,20544285.6551,41167.0,732173000.0,8.13,8108370.0,31660.625,31.4279448317,
2016/12/11,11571886.9796,40482.0,705363000.0,8.19,5545500.0,31676.40625,29.0273164597,
2016/12/12,16588728.4883,38810.0,711348000.0,8.52,9119700.0,31778.90625,36.8028247524,
2016/12/13,8964276.88488,38552.0,740099000.0,8.42,4486190.0,31342.5,31.2366663,
2016/12/14,9160252.68322,44509.0,734382000.0,8.27,7337220.0,31810.0,30.9644513838,
2016/12/15,8272904.11236,47172.0,715861000.0,7.83,13184400.0,31850.46875,34.8866533789,
2016/12/16,16679388.812,46010.0,683399000.0,7.86,5178610.0,31367.8125,34.4278676072,
2016/12/17,11187774.8203,43900.0,683357000.0,7.88,8502620.0,31756.40625,30.5943881546,
2016/12/18,24443540.3095,38601.0,684028000.0,7.87,5890020.0,31962.34375,32.8017007862,
2016/12/19,16521701.7321,36461.0,685054000.0,7.64,5894760.0,31889.375,27.7232465599,
2016/12/20,10590806.3426,45061.0,664772000.0,7.66,6313550.0,31473.59375,36.451357769,
2016/12/21,11013184.8171,44104.0,667625000.0,7.91,9393550.0,31668.90625,43.9015974653,
2016/12/22,15758000.3454,50653.0,688380000.0,7.58,16376700.0,31592.96875,54.7473654027,
2016/12/23,23912895.4872,55081.0,660546000.0,7.17,19613100.0,31074.0625,38.8444055975,
2016/12/24,45467717.46,44302.0,623759000.0,7.27,7626020.0,31117.34375,29.6736691896,
2016/12/25,16896862.7021,37674.0,633792000.0,7.18,8671840.0,31326.875,25.8175253491,
2016/12/26,7705196.46917,36546.0,622439000.0,7.27,5836810.0,32008.4375,24.21790154,
2016/12/27,5959783.62148,34474.0,635260000.0,7.17,8778610.0,31644.6875,23.1204130102,
2016/12/28,10653113.8786,42120.0,624359000.0,7.52,17453300.0,31222.8125,36.3981345765,
2016/12/29,24022112.9024,43225.0,658674000.0,8.28,27543800.0,31575.15625,31.5753044266,
2016/12/30,37462948.7124,46238.0,724528000.0,8.16,13909900.0,31818.75,40.7002932065,
2016/12/31,26162530.6756,44346.0,712662000.0,7.97,9066800.0,31681.5625,44.8109107657,
2017/01/01,51964340.1994,40867.0,698149000.0,8.17,14731700.0,31228.125,28.5988008057,
2017/01/02,15240630.5953,38589.0,714900000.0,8.38,14579600.0,31748.28125,25.2622248542,
2017/01/03,27801515.7667,39436.0,732988000.0,9.73,33625200.0,31527.03125,28.1183410555,
2017/01/04,57007677.5125,45767.0,850115000.0,11.25,41051200.0,31527.03125,40.2453430987,
2017/01/05,80610424.226,50468.0,988599000.0,10.25,41557400.0,32099.53125,39.5045834366,
2017/01/06,82858782.7953,49435.0,901249000.0,10.25,29471800.0,31817.03125,34.8575779035,
2017/01/07,73222587.6311,43472.0,897636000.0,9.87,23153600.0,31359.53125,31.3190764023,
2017/01/08,45297779.6705,43341.0,865667000.0,10.29,16676600.0,31895.0,30.1844940738,
2017/01/09,25849867.8891,42522.0,904682000.0,10.33,25718300.0,31684.375,33.0242278321,
2017/01/10,46567750.6203,46035.0,909897000.0,10.55,10879700.0,31750.3125,35.9191696901,
2017/01/11,44617946.6237,48037.0,925320000.0,9.72,26823500.0,31349.375,38.7094040139,
2017/01/12,45509351.8085,45062.0,853638000.0,9.86,30453800.0,31522.96875,34.6341343072,
2017/01/13,44468015.9521,49879.0,863241000.0,9.77,25066600.0,31556.71875,37.0830606608,
2017/01/14,24082302.5755,49841.0,859971000.0,9.65,20085800.0,31730.3125,35.7827319837,
2017/01/15,9283607.896,41253.0,864037000.0,9.9,14837900.0,31478.125,28.7393233594,
2017/01/16,5640981.9991,41509.0,869126000.0,9.64,14937400.0,31702.03125,29.981494276,
2017/01/17,8287045.8162,45290.0,847981000.0,10.3,18391900.0,31540.3125,32.5237134072,
2017/01/18,15933335.5496,46563.0,906079000.0,10.23,10788200.0,31296.09375,39.422370215,
2017/01/19,9077695.25849,44703.0,901484000.0,10.4,8347550.0,31605.46875,33.9842136416,
2017/01/20,10625995.4763,43465.0,914696000.0,10.6,10992800.0,32123.59375,31.2952820221,
2017/01/21,29442314.3028,45344.0,933405000.0,10.91,11937600.0,31121.09375,33.6477800821,
2017/01/22,10121415.6475,43218.0,961463000.0,10.7,8678620.0,31523.75,30.6639268623,
2017/01/23,10602271.3071,47342.0,944159000.0,10.82,7267210.0,31577.8125,35.7686556111,
2017/01/24,9380052.05795,45784.0,946083000.0,10.63,8327330.0,31498.4375,35.0188611801,
2017/01/25,8342376.86814,50273.0,936769000.0,10.57,6751450.0,31420.46875,41.1642604086,
2017/01/26,10032750.0034,46108.0,932575000.0,10.59,8465020.0,31423.59375,37.7567063358,
2017/01/27,11271548.2314,46364.0,934404000.0,10.54,7189170.0,31784.6875,36.4599476365,
2017/01/28,10826430.8501,46437.0,930688000.0,10.56,6580700.0,31114.84375,35.3494286974,
2017/01/29,6294091.99562,44730.0,933087000.0,10.48,4689950.0,31527.96875,33.3450090098,
2017/01/30,9210131.16344,42361.0,927415000.0,10.57,8042180.0,31120.0,30.6185459322,
2017/01/31,7475837.4227,44857.0,933975000.0,10.73,11648700.0,31928.4375,32.7925384558,
2017/02/01,13716542.376,43572.0,949969000.0,10.73,12852200.0,31413.90625,32.0090382318,
2017/02/02,13738338.4602,44343.0,949793000.0,10.82,10172500.0,31332.1875,38.1155411063,
2017/02/03,13667821.0004,43516.0,956944000.0,11.11,12897800.0,31414.84375,35.4593973553,
2017/02/04,18732828.4566,42637.0,985277000.0,11.43,14139500.0,31273.28125,34.0593551152,
2017/02/05,20080656.7391,45109.0,1013400000.0,11.35,5942960.0,31760.78125,32.9716617267,
2017/02/06,8488450.72137,46416.0,1005930000.0,11.39,5695440.0,31598.4375,34.8408213288,
2017/02/07,15830310.8606,47190.0,1012620000.0,11.52,7629640.0,31626.71875,35.8656136242,
2017/02/08,14586883.409,51576.0,1023170000.0,11.43,9688630.0,31491.40625,46.0687150027,
2017/02/09,13177697.8856,50430.0,1014280000.0,11.03,18400300.0,31704.21875,43.7137416511,
2017/02/10,15088903.4873,47747.0,979961000.0,11.28,11914200.0,31430.9375,40.6816216722,
2017/02/11,18662475.7995,52086.0,1002130000.0,11.35,7544520.0,31496.40625,46.2194035495,
2017/02/12,10637361.9268,46313.0,1008030000.0,11.4,6264900.0,31589.84375,38.4959331707,
2017/02/13,13650971.5682,44806.0,1011080000.0,11.27,7216520.0,31569.6875,40.3367765651,
2017/02/14,15758842.807,55818.0,1002810000.0,13.03,42911500.0,31734.0625,61.4631543872,
2017/02/15,45094200.7856,58108.0,1159000000.0,12.92,18464700.0,31464.0625,49.8321843542,
2017/02/16,54132342.4483,55165.0,1148860000.0,12.9,38002600.0,31728.28125,90.5277610182,
2017/02/17,30283665.4116,49539.0,1147260000.0,12.68,11636500.0,31539.84375,39.211240293,
2017/02/18,33130154.9056,49277.0,1130750000.0,12.81,9370010.0,31327.8125,38.8466740572,
2017/02/19,30400737.6216,48518.0,1140870000.0,12.76,7799740.0,31211.71875,44.6526989258,
2017/02/20,29146624.0241,48006.0,1136610000.0,12.43,12994400.0,31267.1875,36.3126742897,
2017/02/21,31070583.4033,49948.0,1099330000.0,12.67,15183300.0,31387.8125,41.0344679946,
2017/02/22,47777755.3874,57673.0,1130460000.0,12.6,10360900.0,31410.625,54.8654796653,
2017/02/23,35365029.7861,50122.0,1122910000.0,13.12,14522300.0,30993.59375,50.9543476139,
2017/02/24,33983495.1019,47425.0,1171110000.0,13.07,19574400.0,31229.53125,43.352493042,
2017/02/25,69394476.4566,53929.0,1165230000.0,13.55,18533900.0,31263.59375,41.3392381378,
2017/02/26,46317046.005,53145.0,1206150000.0,14.52,20307500.0,31553.90625,44.6624223243,
2017/02/27,59263510.4608,51599.0,1294770000.0,15.4,31667000.0,31820.15625,39.379004378,
2017/02/28,144511225.058,52438.0,1379600000.0,15.82,65478900.0,31246.40625,45.0273860007,
2017/03/01,196294161.883,60103.0,1415510000.0,17.35,44927500.0,31856.09375,50.9626914234,
2017/03/02,224446081.299,58598.0,1550750000.0,19.03,83627100.0,31144.84375,54.9429716489,
2017/03/03,337178394.283,70411.0,1702140000.0,19.46,95863400.0,31628.4375,54.862694243,
2017/03/04,306805767.71,63785.0,1745140000.0,18.62,27341900.0,31301.40625,46.4031228022,
2017/03/05,206223551.455,58648.0,1655030000.0,19.3,26816300.0,31172.65625,42.5194205193,
2017/03/06,179625459.685,56464.0,1725360000.0,19.61,32432700.0,31561.875,43.4387034902,
2017/03/07,289340347.367,56907.0,1752530000.0,18.89,37972200.0,31153.125,41.3516920185,
2017/03/08,172667622.591,62486.0,1690760000.0,16.65,44304600.0,31068.75,43.8027086159,
2017/03/09,199763918.815,55239.0,1490500000.0,17.75,31418400.0,31325.9375,40.3174840909,
2017/03/10,287509767.289,64057.0,1589640000.0,19.33,87506800.0,30809.53125,49.7685971018,
2017/03/11,290137647.975,64071.0,1736630000.0,21.47,69150100.0,31027.03125,55.5727564282,
2017/03/12,373082045.959,64649.0,1924660000.0,23.44,74628900.0,31235.46875,47.9614290612,
2017/03/13,689925716.879,66483.0,2108300000.0,28.59,255488000.0,30849.53125,48.529026723,
2017/03/14,539778903.029,81400.0,2563700000.0,28.65,101797000.0,31612.5,76.362749611,
2017/03/15,276216416.76,76374.0,2571160000.0,35.06,170344000.0,31216.09375,74.8226057744,
2017/03/16,364248805.41,80175.0,3174750000.0,46.35,454418000.0,31373.90625,64.3079895312,
2017/03/17,1479568794.72,108541.0,4125480000.0,46.83,497534000.0,31431.71875,85.3988859834,
2017/03/18,549703028.656,106214.0,4211830000.0,34.16,262180000.0,31841.875,88.9662025976,
2017/03/19,1053644929.36,89682.0,3193600000.0,44.74,239430000.0,31482.34375,60.5198445644,
2017/03/20,226297445.264,84369.0,4031270000.0,43.39,154701000.0,30994.53125,57.0035103527,
2017/03/21,284636899.137,79896.0,3913620000.0,43.15,91265400.0,31670.3125,56.9492118389,
2017/03/22,556160039.893,83857.0,3880120000.0,42.34,113952000.0,31013.28125,64.2187189342,
2017/03/23,499279361.456,78300.0,3831310000.0,43.68,100724000.0,31375.46875,60.1964704441,
2017/03/24,616014600.441,81959.0,3929230000.0,53.11,297046000.0,30980.9375,60.9990820376,
2017/03/25,817499761.72,86992.0,4825700000.0,51.25,223059000.0,30840.9375,73.2890178984,
2017/03/26,611652307.087,84189.0,4574540000.0,50.52,106859000.0,31062.8125,58.0924530095,
2017/03/27,477351948.751,79266.0,4624990000.0,49.67,118978000.0,31172.34375,58.1047285761,
2017/03/28,560102264.662,91493.0,4482160000.0,50.77,97745300.0,31005.3125,77.7392460667,
2017/03/29,585025776.395,83821.0,4561150000.0,53.13,144998000.0,30555.46875,63.8820732427,
2017/03/30,693100904.852,92695.0,4793280000.0,52.21,86885700.0,31268.28125,69.3249844145,
2017/03/31,863794423.245,95382.0,4671190000.0,50.04,151416000.0,30819.84375,71.1051321568,
2017/04/01,744092031.107,102296.0,4517510000.0,50.7,92461900.0,31208.28125,77.4006765275,
2017/04/02,470365425.616,79967.0,4582700000.0,48.75,134604000.0,30850.9375,57.2228813586,
2017/04/03,673318772.103,88394.0,4411030000.0,44.36,190513000.0,30440.78125,66.2670821195,
2017/04/04,759748197.052,99398.0,3969730000.0,44.64,157568000.0,31186.25,74.7844575548,
2017/04/05,382197169.408,85299.0,4037940000.0,45.3,119733000.0,31055.3125,64.979850018,
2017/04/06,526851110.124,85874.0,4089930000.0,43.24,147120000.0,31235.3125,68.3126860486,
2017/04/07,729340420.72,94118.0,3878210000.0,42.16,81474700.0,30724.375,73.3886228889,
2017/04/08,227814461.966,91942.0,3783000000.0,44.31,74138800.0,31074.53125,72.4189877162,
2017/04/09,292713295.665,71142.0,4009010000.0,43.27,55143000.0,30914.375,52.3271242527,
2017/04/10,294833241.119,73873.0,3919520000.0,43.44,44061500.0,30243.28125,56.8056788093,
2017/04/11,373673183.453,74824.0,3941100000.0,43.41,38303300.0,30037.1875,63.0386079242,
2017/04/12,395309348.861,75705.0,3938930000.0,46.29,88045700.0,30450.46875,58.9152721743,
2017/04/13,399375712.715,77128.0,4198420000.0,50.22,157200000.0,30213.90625,80.6889592572,
2017/04/14,279436945.261,83923.0,4531810000.0,47.57,91674400.0,30342.96875,61.6584633202,
2017/04/15,350996340.255,80411.0,4323100000.0,49.1,66207800.0,30989.6875,62.896440048,
2017/04/16,173387398.34,74402.0,4450140000.0,48.72,31343800.0,29998.125,57.8052513622,
2017/04/17,86901564.7351,70435.0,4417310000.0,48.3,44013300.0,30503.4375,55.1176954203,
2017/04/18,121590096.504,71937.0,4387860000.0,50.71,78748500.0,30648.125,60.4732972431,
2017/04/19,412019102.295,82886.0,4608260000.0,48.31,76281000.0,30519.84375,73.744781758,
2017/04/20,481330218.888,85419.0,4373800000.0,49.67,79600900.0,29612.1875,78.3964845405,
2017/04/21,531039349.815,85221.0,4512610000.0,48.22,45048300.0,30422.1875,71.7927739585,
2017/04/22,376500679.964,78067.0,4381290000.0,48.55,37357600.0,30477.34375,92.1973650957,
2017/04/23,336927330.565,71711.0,4420040000.0,48.49,36234000.0,29990.3125,74.9201440567,
2017/04/24,350268819.476,76480.0,4446470000.0,50.03,55580600.0,30491.25,65.0892018179,
2017/04/25,427364476.413,78842.0,4557870000.0,49.89,38264600.0,29782.96875,72.9798244742,
2017/04/26,414343585.089,92688.0,4544370000.0,52.72,104884000.0,30760.3125,78.5742047342,
2017/04/27,694426567.286,89311.0,4809630000.0,62.17,246775000.0,29332.1875,74.7897238631,
2017/04/28,1070913535.77,104106.0,5669550000.0,70.16,346546000.0,29330.0,87.3126909118,
2017/04/29,993148640.471,105817.0,6506490000.0,68.38,165448000.0,29682.03125,79.2059684068,
2017/04/30,1108718917.38,90788.0,6248840000.0,79.02,229945000.0,29217.65625,70.2026857963,
2017/05/01,1231091399.26,94644.0,7234070000.0,76.3,376842000.0,29368.59375,78.9586302744,
2017/05/02,1887310512.55,110258.0,6992980000.0,77.26,193773000.0,29357.5,105.538214141,
2017/05/03,1616997564.39,108370.0,7050050000.0,79.72,141922000.0,29436.40625,112.73460265,
2017/05/04,2187901639.03,96724.0,7277480000.0,96.98,366847000.0,29552.65625,77.3135060874,
2017/05/05,2164134841.22,114255.0,8833520000.0,94.4,331928000.0,29423.4375,92.4303399622,
2017/05/06,2277534911.5,107872.0,8669910000.0,97.81,151462000.0,29702.03125,84.3533060609,
2017/05/07,1457752016.79,94499.0,8942950000.0,94.01,183295000.0,29703.4375,84.3641463875,
2017/05/08,1817592641.14,103020.0,8569060000.0,91.42,231344000.0,29880.15625,105.733505802,
2017/05/09,1775654154.87,116795.0,8341490000.0,91.16,363434000.0,29425.9375,95.6059639505,
2017/05/10,1747407643.18,111403.0,8337180000.0,89.52,145602000.0,29755.0,106.666628386,
2017/05/11,1676932052.51,108914.0,8213570000.0,89.88,132722000.0,29614.84375,104.904536929,
2017/05/12,2025414294.31,116565.0,8184930000.0,88.66,145825000.0,29734.53125,109.393380227,
2017/05/13,1646468527.18,106818.0,8120390000.0,90.84,88742200.0,29889.6875,109.060373522,
2017/05/14,1217625029.89,100963.0,8322380000.0,90.79,66046600.0,29253.28125,106.923588255,
2017/05/15,1159044313.01,101004.0,8316930000.0,92.41,170999000.0,28217.5,106.379136617,
2017/05/16,1517993627.0,122367.0,8466470000.0,89.44,152285000.0,28462.34375,132.123398808,
2017/05/17,1954348898.05,115744.0,8181520000.0,89.86,183031000.0,28717.96875,137.143767604,
2017/05/18,1381111150.07,139621.0,8238110000.0,96.91,196237000.0,27898.90625,220.21943719,
2017/05/19,1226103749.9,136171.0,8902240000.0,129.53,626945000.0,28480.78125,158.498593267,
2017/05/20,1906674007.25,160897.0,11856600000.0,126.52,331455000.0,28381.25,173.985855406,
2017/05/21,1526855503.54,129298.0,11705700000.0,157.94,570361000.0,28652.03125,155.579769682,
2017/05/22,2241329514.3,148968.0,14522100000.0,174.26,1188910000.0,28654.0625,160.523136918,
2017/05/23,4778337630.17,174354.0,15688000000.0,181.95,530709000.0,28769.21875,182.632419995,
2017/05/24,3072759536.39,181034.0,16779700000.0,190.05,561014000.0,28576.09375,253.728642191,
2017/05/25,2724899176.75,180045.0,17446600000.0,174.45,943637000.0,28640.625,272.09067931,
2017/05/26,2342992795.47,179296.0,16107000000.0,160.4,792458000.0,28838.90625,218.689885039,
2017/05/27,2600648742.11,166190.0,14696000000.0,157.76,1217060000.0,28963.75,206.055826499,
2017/05/28,2055608230.34,145853.0,14608600000.0,170.51,717971000.0,28775.46875,182.127259991,
2017/05/29,1929355454.56,151426.0,15654600000.0,194.91,718828000.0,28823.28125,192.525514182,
2017/05/30,2419856163.87,156323.0,18004700000.0,231.91,1586670000.0,29537.34375,192.62455813,
2017/05/31,2764337435.59,181584.0,21321900000.0,230.67,1271600000.0,29819.375,319.925871867,
2017/06/01,5119285284.2,209557.0,21264800000.0,222.24,812924000.0,28748.4375,634.072177123,
2017/06/02,3709921102.37,195360.0,20479000000.0,223.78,469532000.0,28069.375,253.293470844,
2017/06/03,3658570377.92,185253.0,20593500000.0,224.38,427896000.0,26820.625,291.597841474,
2017/06/04,3789929583.14,170166.0,20659800000.0,245.33,753820000.0,27526.40625,228.134695773,
2017/06/05,3430245260.31,175521.0,22615800000.0,248.46,435660000.0,27232.5,255.713870928,
2017/06/06,4519228604.44,186633.0,22930400000.0,264.47,741553000.0,27789.84375,219.924346992,
2017/06/07,5244387046.19,193969.0,24382200000.0,258.07,461649000.0,27483.75,265.075762618,
2017/06/08,4690721296.95,201429.0,23810900000.0,261.67,385494000.0,27770.78125,277.963468699,
2017/06/09,4371010771.61,182427.0,24165000000.0,281.74,557986000.0,27631.25,239.515279975,
2017/06/10,5416949848.61,210512.0,26043700000.0,337.67,1611630000.0,27650.0,250.508480829,
2017/06/11,3822493307.83,210536.0,31296800000.0,340.61,1373220000.0,28158.75,214.559641124,
2017/06/12,4889603288.79,230747.0,31525300000.0,401.49,2882650000.0,27926.71875,313.877609553,
2017/06/13,10409161244.3,286432.0,36574500000.0,397.54,1717380000.0,28100.625,512.809391034,
2017/06/14,7685706718.67,275543.0,36761600000.0,359.05,1272580000.0,28276.09375,294.642099272,
2017/06/15,4820997070.89,246247.0,33158200000.0,361.93,2463450000.0,28268.75,254.758374393,
2017/06/16,7261850338.29,263508.0,33415800000.0,370.23,1096280000.0,25855.15625,260.138167402,
2017/06/17,7277705590.67,344218.0,34231300000.0,379.41,904653000.0,27935.46875,264.910541094,
2017/06/18,4021692176.25,341960.0,35133800000.0,371.46,904703000.0,26645.15625,236.778188402,
2017/06/19,3578004319.63,329939.0,34435700000.0,370.06,685172000.0,27422.5,254.196390578,
2017/06/20,4238499387.15,406174.0,34304000000.0,359.0,1020390000.0,27560.625,282.639642363,
2017/06/21,5178578489.8,417432.0,33310500000.0,336.87,1420130000.0,24869.21875,690.502348326,
2017/06/22,2383912200.9,349131.0,31302600000.0,336.37,925767000.0,24535.15625,918.114125434,
2017/06/23,3090008869.56,403296.0,31195900000.0,341.74,593207000.0,24743.4375,700.787165472,
2017/06/24,3644176308.29,427259.0,31681300000.0,323.7,673585000.0,24618.59375,478.165779285,
2017/06/25,3661176488.16,388811.0,30005900000.0,303.25,1186880000.0,25722.34375,652.952882318,
2017/06/26,1258148109.92,364597.0,28111200000.0,272.69,2081810000.0,24701.875,411.721489721,
2017/06/27,3389179366.87,442793.0,25309700000.0,293.09,1973870000.0,24902.8125,875.310976343,
2017/06/28,4121678346.79,398521.0,27207000000.0,327.93,2056550000.0,25069.84375,332.032513046,
2017/06/29,3342032996.64,441630.0,30495300000.0,302.88,1508580000.0,24881.40625,773.236091502,
2017/06/30,3439302398.55,419197.0,28161900000.0,294.92,1011800000.0,25212.65625,466.282393834,
2017/07/01,2880043689.44,402513.0,27259400000.0,274.6,1089200000.0,25249.375,352.344502266,
2017/07/02,2948001860.1,351761.0,25572800000.0,287.99,1123330000.0,25113.125,315.74464317,
2017/07/03,2154859828.28,379814.0,26815900000.0,282.9,851408000.0,25233.59375,317.468243776,
2017/07/04,6942544204.86,449992.0,26245000000.0,273.3,687691000.0,25336.875,425.920316212,
2017/07/05,5549817634.23,423957.0,25406900000.0,268.77,790256000.0,25471.40625,377.047005196,
2017/07/06,2076944227.9,403642.0,25019500000.0,270.55,623080000.0,25001.5625,409.09097089,
2017/07/07,2148543023.37,393336.0,25160800000.0,245.99,687252000.0,25300.3125,304.771433494,
2017/07/08,2382674959.78,446446.0,22890700000.0,251.7,754958000.0,25497.96875,356.29380692,
2017/07/09,1914081870.98,374114.0,23454700000.0,242.14,505118000.0,25502.65625,360.274207471,
2017/07/10,811179932.561,330605.0,22640500000.0,215.36,937219000.0,25532.03125,256.112816522,
2017/07/11,2273598262.44,415763.0,19712300000.0,197.4,1440950000.0,23030.46875,261.598672524,
2017/07/12,3235983088.4,450430.0,18377600000.0,230.77,1241190000.0,22656.875,287.290319404,
2017/07/13,2916799148.51,422878.0,21613900000.0,209.73,828489000.0,22602.34375,330.33422877,
2017/07/14,4568514353.58,407534.0,19541300000.0,199.66,749382000.0,22610.3125,327.42187989,
2017/07/15,4370748827.97,377407.0,18630200000.0,170.66,810452000.0,22561.875,275.880608776,
2017/07/16,3959663250.55,352616.0,15823100000.0,157.36,1516890000.0,23062.34375,288.040626935,
2017/07/17,5210698255.23,391933.0,14932700000.0,193.42,1669500000.0,22922.1875,276.731320515,
2017/07/18,5555017304.13,401003.0,18207400000.0,234.39,2709260000.0,22345.78125,281.509048417,
2017/07/19,5504008401.56,409161.0,21939300000.0,199.7,2328790000.0,22804.6875,423.677942918,
2017/07/20,5676847193.03,399573.0,19187800000.0,227.26,2225000000.0,23239.21875,324.838750478,
2017/07/21,4672455105.04,373649.0,21121100000.0,218.31,1006130000.0,23215.9375,256.133190044,
2017/07/22,4937620122.17,347325.0,20360100000.0,229.48,618260000.0,22762.1875,309.641556642,
2017/07/23,1123750272.52,300837.0,21418300000.0,225.95,649615000.0,23289.21875,224.825603323,
2017/07/24,1644661472.9,382872.0,21158500000.0,224.71,431691000.0,23348.90625,288.493997716,
2017/07/25,4466313772.38,394706.0,20985200000.0,206.71,1095760000.0,22957.03125,309.440275124,
2017/07/26,4809866684.92,356195.0,19373400000.0,203.95,717692000.0,23482.03125,355.48613773,
2017/07/27,3938238571.7,317219.0,19169800000.0,204.32,393283000.0,23302.5,294.383920629,
2017/07/28,4155408929.04,307538.0,19125100000.0,193.12,562571000.0,23218.28125,263.944245322,
2017/07/29,5182631451.17,335031.0,18101800000.0,205.79,824355000.0,23294.53125,281.982289906,
2017/07/30,4460525902.96,282612.0,19360900000.0,197.98,596234000.0,23459.375,204.174934595,
2017/07/31,2964985555.25,299612.0,18492000000.0,203.87,569414000.0,23569.53125,208.036715301,
2017/08/01,2076838982.99,352997.0,19179100000.0,226.77,1585330000.0,22731.71875,231.201083914,
2017/08/02,2265126656.88,350600.0,21275200000.0,219.95,632606000.0,20475.46875,263.599401863,
2017/08/03,2135595326.55,371975.0,20640100000.0,225.34,557217000.0,20257.8125,236.995421937,
2017/08/04,1818738274.25,391138.0,21125600000.0,223.07,539783000.0,19923.90625,236.502808745,
2017/08/05,2106972316.68,399648.0,20900000000.0,256.51,1333000000.0,20245.625,220.028357885,
2017/08/06,2490700649.56,413322.0,24053500000.0,261.57,1482980000.0,20212.1875,236.076708762,
2017/08/07,2463960112.15,411736.0,24511000000.0,269.18,935727000.0,20205.625,244.978437283,
2017/08/08,3049735285.49,448212.0,25254600000.0,296.77,1502410000.0,20516.5625,323.349086526,
2017/08/09,3407678732.61,486248.0,27938700000.0,296.03,2638580000.0,20512.8125,339.083820207,
2017/08/10,3435385718.65,503481.0,27882200000.0,295.89,1076820000.0,20612.5,268.527475016,
2017/08/11,7323591419.03,517329.0,27657000000.0,308.86,953576000.0,20198.125,313.14765754,
2017/08/12,14641736788.9,549003.0,28998700000.0,310.6,1111650000.0,20580.15625,354.162104365,
2017/08/13,8359227716.65,530077.0,29161100000.0,298.06,1369370000.0,20618.4375,344.986095506,
2017/08/14,9282319335.52,565378.0,28008700000.0,300.1,864391000.0,20699.6875,304.640582603,
2017/08/15,7190362336.13,645845.0,28195800000.0,289.82,1051800000.0,20718.75,345.515738015,
2017/08/16,6032011294.88,814721.0,27249700000.0,302.27,967643000.0,20721.25,383.745249085,
2017/08/17,4863410677.37,684742.0,28477500000.0,301.46,909494000.0,20898.28125,1168.46326633,
2017/08/18,4716353560.1,647077.0,28380200000.0,295.59,936160000.0,20791.09375,690.546642142,
2017/08/19,4862434739.41,672348.0,27867900000.0,297.47,860202000.0,20743.59375,1018.69522486,
2017/08/20,3691946313.78,605002.0,27918100000.0,301.43,571947000.0,21114.375,471.918343256,
2017/08/21,3372710433.14,508308.0,28285500000.0,321.59,2448970000.0,20833.125,293.147791083,
2017/08/22,4099369963.87,588153.0,30229900000.0,314.79,1336400000.0,21227.65625,329.868824321,
2017/08/23,3768133149.97,534535.0,29691900000.0,317.52,811990000.0,20988.90625,325.350122318,
2017/08/24,4361932026.45,563162.0,29904600000.0,325.61,697665000.0,21141.25,315.881361228,
2017/08/25,4103194675.27,521887.0,30727900000.0,331.92,760329000.0,20984.21875,322.859895183,
2017/08/26,3637022466.61,495900.0,31288300000.0,333.88,514181000.0,17812.03125,310.136759482,
2017/08/27,1980400499.23,461123.0,31517500000.0,347.89,633370000.0,17537.03125,297.916682977,
2017/08/28,6965647540.68,481083.0,33002700000.0,347.75,854319000.0,17612.34375,275.335440067,
2017/08/29,10635840083.2,560756.0,32813200000.0,370.67,1220030000.0,17277.34375,323.120549329,
2017/08/30,8200636240.01,602220.0,34848400000.0,378.49,1333320000.0,17759.53125,516.17061562,
2017/08/31,13888829247.8,601867.0,35701500000.0,383.04,706254000.0,17706.40625,433.380111262,
2017/09/01,6681918995.27,572744.0,36182900000.0,387.74,874222000.0,17419.21875,737.55260075,
2017/09/02,5592150722.36,601810.0,36601200000.0,348.98,1483600000.0,17653.125,515.416187022,
2017/09/03,4960727888.59,524814.0,33059800000.0,347.48,986266000.0,17750.0,613.662115947,
2017/09/04,3256572813.55,474735.0,32774000000.0,295.17,1801690000.0,17732.65625,296.684543723,
2017/09/05,5415558677.02,659723.0,28100000000.0,312.99,1551050000.0,17685.46875,487.767496109,
2017/09/06,5506017556.59,644690.0,29639100000.0,334.34,1058830000.0,17846.875,615.809001055,
2017/09/07,5580401121.71,685270.0,31507500000.0,329.43,718624000.0,17603.90625,770.277418638,
2017/09/08,3500802939.0,660758.0,31147200000.0,296.5,1098780000.0,17790.15625,734.239584314,
2017/09/09,4032642526.93,698014.0,27990500000.0,294.4,528621000.0,18011.5625,758.749006956,
2017/09/10,5917060383.59,584567.0,27797200000.0,288.75,698326000.0,17853.90625,441.035120383,
2017/09/11,5117926916.78,496832.0,27394400000.0,294.53,571307000.0,17915.625,413.297569259,
2017/09/12,4491577779.96,545781.0,27861800000.0,291.46,753144000.0,17798.59375,393.332823,
2017/09/13,4358840387.57,594680.0,27535700000.0,277.11,921692000.0,18066.25,519.977466208,
2017/09/14,2205261714.31,536275.0,26166100000.0,213.91,1184590000.0,17728.90625,463.058657602,
2017/09/15,3915155364.1,558357.0,20364900000.0,250.46,1935700000.0,18046.5625,408.768329594,
2017/09/16,4674448319.5,696814.0,23742600000.0,246.52,711737000.0,18138.28125,636.971536779,
2017/09/17,2638810935.09,558585.0,23272500000.0,251.75,427452000.0,18096.71875,660.859549314,
2017/09/18,3583684686.91,437778.0,23881200000.0,293.5,1127750000.0,18192.65625,371.183068104,
2017/09/19,5365101076.13,567416.0,27809300000.0,282.8,646909000.0,17836.875,403.16313803,
2017/09/20,4309735195.66,498316.0,26712400000.0,283.74,421404000.0,18189.21875,385.073423359,
2017/09/21,2578838751.89,502172.0,26836000000.0,258.58,601266000.0,18046.40625,656.834640397,
2017/09/22,2557466286.95,494128.0,24458400000.0,264.31,430081000.0,18269.53125,325.903199026,
2017/09/23,2479889365.26,437571.0,25077100000.0,286.17,450934000.0,15034.21875,306.112519402,
2017/09/24,2202048180.11,401938.0,27129900000.0,282.48,571411000.0,14443.28125,315.524338577,
2017/09/25,1989509139.98,398649.0,26755500000.0,292.33,483161000.0,14720.15625,440.08969434,
2017/09/26,2570616777.57,439255.0,27720000000.0,287.44,345801000.0,14207.5,383.148272059,
2017/09/27,2844811622.07,445627.0,27219400000.0,306.47,550244000.0,14501.875,385.775178878,
2017/09/28,2835606919.55,461961.0,29068700000.0,299.15,501894000.0,14555.46875,422.710363399,
2017/09/29,2900776142.42,480369.0,28375900000.0,291.47,541375000.0,14308.59375,370.160472356,
2017/09/30,2545641360.39,473601.0,27655200000.0,301.46,332439000.0,14173.75,330.88615798,
2017/10/01,1990910482.92,451352.0,28615200000.0,302.34,306185000.0,14229.53125,371.957481381,
2017/10/02,1410261098.11,445259.0,28708500000.0,297.48,339443000.0,14342.65625,358.613329436,
2017/10/03,2174423460.95,459314.0,28238500000.0,292.46,321680000.0,14244.84375,356.930578828,
2017/10/04,6708812446.39,498380.0,27794100000.0,292.66,257906000.0,14344.6875,381.246395654,
2017/10/05,4524606655.57,470983.0,27800400000.0,295.86,253747000.0,14465.3125,385.387152163,
2017/10/06,2978583841.27,451505.0,28031100000.0,308.59,318664000.0,14759.53125,418.983077852,
2017/10/07,2997464924.73,482833.0,29340400000.0,311.12,342205000.0,14271.5625,437.255331092,
2017/10/08,2363534623.38,454939.0,29550900000.0,308.61,293167000.0,14270.78125,316.276345068,
2017/10/09,2615320102.37,478010.0,29328300000.0,297.39,559467000.0,14427.03125,357.347800342,
2017/10/10,3221486009.72,481422.0,28281400000.0,299.87,359706000.0,14441.875,379.844761749,
2017/10/11,3436799287.94,499114.0,28626300000.0,303.46,264146000.0,14611.25,417.793497546,
2017/10/12,3076536203.74,484898.0,28851200000.0,304.14,527557000.0,14611.71875,938.415100756,
2017/10/13,3827782235.48,528554.0,28911100000.0,338.76,1304360000.0,14530.9375,421.957034379,
2017/10/14,4984317060.55,557443.0,32222400000.0,339.63,516562000.0,14493.4375,474.904048257,
2017/10/15,3510555456.41,503032.0,32292100000.0,336.6,635407000.0,14470.3125,398.049613885,
2017/10/16,3227022992.29,478898.0,32029200000.0,333.38,692885000.0,14662.65625,386.388929966,
2017/10/17,2456215192.58,637365.0,31727700000.0,317.08,509924000.0,15015.5625,337.116475118,
2017/10/18,3706339452.37,720550.0,30160500000.0,314.32,606114000.0,18231.0,322.84724414,
2017/10/19,4641794473.51,679972.0,29937900000.0,308.09,349830000.0,18732.28125,299.370944841,
2017/10/20,3864786723.88,707101.0,29326300000.0,304.01,396673000.0,18792.28125,283.929624901,
2017/10/21,3525977395.17,775704.0,28906600000.0,300.19,408014000.0,18782.25,491.672418414,
2017/10/22,3176294658.24,619830.0,28624800000.0,295.45,327387000.0,18745.59375,230.0980114,
2017/10/23,2727262523.41,609271.0,28111400000.0,286.95,482336000.0,18901.875,196.134800566,
2017/10/24,3963023598.07,708489.0,27357500000.0,298.33,684281000.0,18830.90625,269.725566032,
2017/10/25,3963239708.27,815572.0,28442000000.0,297.93,325040000.0,18816.46875,357.095144057,
2017/10/26,3139344930.37,697726.0,28408400000.0,296.53,270273000.0,18596.71875,290.665881547,
2017/10/27,2983133296.98,673986.0,28270100000.0,297.42,257169000.0,18540.65625,275.041131001,
2017/10/28,3148173665.84,662606.0,28410400000.0,296.3,264424000.0,18758.25,297.455543733,
2017/10/29,3932689711.66,639828.0,28270200000.0,305.09,551752000.0,18789.375,241.167628141,
