date,txVolume(USD),txCount,marketcap(USD),price(USD),exchangeVolume(USD),generatedCoins,fees,drop_this
2015/04/01,57447.126198,533.0,3604110.0,0.000242,65525.0,0.0,23721.286752,
2015/04/02,119242.636052,719.0,2179320.0,0.000314,28549.0,0.0,30939.690282,
2015/04/03,93423.14535,1369.0,2778750.0,0.00031,20678.0,0.0,22879.028267,
2015/04/04,30790.859903,5945.0,2792120.0,0.000277,23550.0,0.0,66917.666269,
2015/04/05,22810.135136,4555.0,2443720.0,0.000232,26800.0,0.0,51790.913658,
2015/04/06,45817.89816,6673.0,2088380.0,0.000289,22512.0,0.0,73372.754782,
2015/04/07,33427.551935,3975.0,2596140.0,0.000241,14437.0,0.0,45762.435994,
2015/04/08,24637.028376,7741.0,2209250.0,0.000228,6933.0,0.0,82321.440551,
2015/04/09,22151.81024,9372.0,2048560.0,0.000224,10014.0,0.0,100584.23669,
2015/04/10,6733.288975,1961.0,2017780.0,0.000175,16846.0,0.0,18395.571264,
2015/04/11,12720.419266,23680.0,1571870.0,0.000163,22846.0,0.0,60913.545202,
2015/04/12,19738.151574,11845.0,1469950.0,0.000146,5569.0,0.0,42793.94626,
2015/04/13,5982.234601,23852.0,1316600.0,0.000139,11803.0,0.0,57546.537305,
2015/04/14,12542.182956,26883.0,1254160.0,0.000153,14654.0,0.0,149155.568054,
2015/04/15,15817.447285,29089.0,1399610.0,0.000155,8196.0,0.0,79295.608966,
2015/04/16,11541.327959,15755.0,1391420.0,0.000163,5317.0,0.0,49411.202844,
2015/04/17,8300.55464,9597.0,1507870.0,0.000167,4556.0,0.0,65798.258322,
2015/04/18,6160.393776,17148.0,1503010.0,0.000141,9117.0,0.0,51377.901307,
2015/04/19,10586.943381,5960.0,1269820.0,0.000147,7193.0,0.0,31208.997764,
2015/04/20,8679.541297,12612.0,1324160.0,0.000133,6681.0,0.0,43449.515713,
2015/04/21,10579.510585,16081.0,1194180.0,0.000137,3912.0,0.0,51963.301024,
2015/04/22,6631.696122,13488.0,1233120.0,0.000138,2353.0,0.0,44430.386702,
2015/04/23,7884.182449,4586.0,1244580.0,0.000137,2117.0,0.0,24438.965281,
2015/04/24,8528.12685,8635.0,1234000.0,0.00015,3058.0,0.0,36023.60195,
2015/04/25,17824.00326,2146.0,1345350.0,0.00014,2480.0,0.0,20010.935988,
2015/04/26,7576.405024,1534.0,1263860.0,0.000134,2074.0,0.0,19096.272197,
2015/04/27,8328.95933,1514.0,1205740.0,0.000163,6660.0,0.0,19441.907226,
2015/04/28,11365.304439,4897.0,1442520.0,0.000149,3358.0,0.0,28300.527184,
2015/04/29,11301.202563,8180.0,1337590.0,0.000147,2013.0,0.0,33391.801465,
2015/04/30,10303.107416,1783.0,1323030.0,0.000157,959.0,0.0,17980.641932,
2015/05/01,1181.675508,10926.0,1412990.0,0.000156,692.0,0.0,31663.386858,
2015/05/02,2595.14919,1474.0,1381060.0,0.000155,1543.0,0.0,16091.325719,
2015/05/03,1122.736456,1468.0,1395620.0,0.000149,4417.0,0.0,15407.883896,
2015/05/04,3515.018317,1495.0,1340690.0,0.000151,2595.0,0.0,17001.201942,
2015/05/05,4265.92539,1495.0,1355840.0,0.000141,3974.0,0.0,17167.159173,
2015/05/06,3430.740027,5546.0,1270090.0,0.000143,1125.0,0.0,31727.993137,
2015/05/07,2888.75262,1486.0,1281970.0,0.000156,2475.0,0.0,16055.636344,
2015/05/08,7033.24063,1579.0,1407390.0,0.000155,1043.0,0.0,17445.613231,
2015/05/09,5914.4001,1501.0,1396760.0,0.00015,623.0,0.0,18371.782755,
2015/05/10,3882.874249,1468.0,1349300.0,0.000151,1774.0,0.0,16533.712372,
2015/05/11,6031.369765,7142.0,1362660.0,0.000155,3367.0,0.0,27308.048408,
2015/05/12,4547.07858,2056.0,1394760.0,0.000165,4765.0,0.0,15915.953815,
2015/05/13,4643.315796,1496.0,1483990.0,0.000159,4187.0,0.0,17823.736102,
2015/05/14,4514.2936,1495.0,1427580.0,0.00016,1647.0,0.0,17363.888004,
2015/05/15,2874.611188,1416.0,1439930.0,0.000164,1260.0,0.0,16443.544478,
2015/05/16,567.279648,775.0,1474940.0,0.000156,4958.0,0.0,8377.453318,
2015/05/17,10195.6584,1515.0,1399200.0,0.00016,1049.0,0.0,19779.813576,
2015/05/18,1180.901865,1020.0,1437570.0,0.000169,12653.0,0.0,11283.169529,
2015/05/19,6177.422538,1341.0,1493820.0,0.000171,9163.0,0.0,16477.614775,
2015/05/20,19470.709084,1551.0,1536820.0,0.000172,8928.0,0.0,24312.134724,
2015/05/21,12451.577252,1492.0,1545760.0,0.000172,7586.0,0.0,19552.920028,
2015/05/22,12124.055907,1519.0,1549800.0,0.000177,4136.0,0.0,20162.280401,
2015/05/23,7170.861003,1228.0,1596980.0,0.000177,4560.0,0.0,15380.42309,
2015/05/24,8119.876128,992.0,1594140.0,0.000182,5675.0,0.0,14517.943241,
2015/05/25,22404.560248,1156.0,1638490.0,0.000178,6871.0,0.0,15440.555611,
2015/05/26,9738.74211,1482.0,1599720.0,0.000183,3845.0,0.0,19616.188115,
2015/05/27,3932.208256,1474.0,1645670.0,0.000197,8659.0,0.0,17263.596004,
2015/05/28,13650.55034,1507.0,1753140.0,0.000196,7217.0,0.0,19200.394968,
2015/05/29,10367.001423,1193.0,1762160.0,0.000183,7999.0,0.0,15368.900657,
2015/05/30,8246.213125,1409.0,1650510.0,0.000185,7228.0,0.0,19263.412991,
2015/05/31,5509.787334,861.0,1667200.0,0.000177,4684.0,0.0,11192.213866,
2015/06/01,6561.2333,1353.0,1590560.0,0.00017,3525.0,0.0,16468.960802,
2015/06/02,513.69465,1387.0,1530820.0,0.000178,5642.0,0.0,14415.273995,
2015/06/03,3369.44457,1474.0,1604330.0,0.000177,1820.0,0.0,16731.234563,
2015/06/04,8487.427032,1484.0,1595180.0,0.000172,2220.0,0.0,17016.727355,
2015/06/05,2855.148808,1472.0,1546270.0,0.000179,4105.0,0.0,16392.258281,
2015/06/06,2171.33452,1462.0,1611430.0,0.00017,3364.0,0.0,15626.607398,
2015/06/07,3875.546304,1490.0,1529050.0,0.000168,3360.0,0.0,16067.379246,
2015/06/08,3597.299127,1485.0,1510060.0,0.000171,3110.0,0.0,17013.028629,
2015/06/09,930.534164,1219.0,1541750.0,0.000148,8723.0,0.0,12884.977757,
2015/06/10,8595.335286,912.0,1344300.0,0.000153,4577.0,0.0,11866.187717,
2015/06/11,1526.46312,1516.0,1379440.0,0.000148,4653.0,0.0,16804.332763,
2015/06/12,1803.894152,1612.0,1333110.0,0.000148,3589.0,0.0,17549.144604,
2015/06/13,4346.9874,1412.0,1332020.0,0.000155,2980.0,0.0,15878.65612,
2015/06/14,6717.30568,1407.0,1399050.0,0.000155,2903.0,0.0,16303.631597,
2015/06/15,2504.920425,968.0,1396540.0,0.000147,9550.0,0.0,11091.287141,
2015/06/16,6976.51056,1494.0,1326840.0,0.00016,6374.0,0.0,17928.017632,
2015/06/17,8573.07792,1416.0,1443470.0,0.00016,8668.0,0.0,15491.80994,
2015/06/18,3391.094552,1453.0,1444400.0,0.000172,3683.0,0.0,16672.259669,
2015/06/19,1042.10158,1435.0,1554080.0,0.000155,6743.0,0.0,15157.811541,
2015/06/20,4444.29905,1425.0,1391420.0,0.000158,1488.0,0.0,15654.660438,
2015/06/21,921.526648,529.0,1420970.0,0.000161,616.0,0.0,11221.44289,
2015/06/22,1807.502736,514.0,1448390.0,0.000156,4900.0,0.0,16122.466674,
2015/06/23,1055.782228,503.0,1406300.0,0.000158,2518.0,0.0,15332.331841,
2015/06/24,1881.785724,430.0,1419880.0,0.000156,1656.0,0.0,13542.496485,
2015/06/25,5362.650062,292.0,1404230.0,0.000154,2791.0,0.0,9339.630814,
2015/06/26,7950.595668,487.0,1389110.0,0.000148,3547.0,0.0,16408.949168,
2015/06/27,6788.774514,394.0,1335410.0,0.000157,4043.0,0.0,14529.673886,
2015/06/28,3919.56776,510.0,1409620.0,0.000152,1838.0,0.0,17082.507999,
2015/06/29,1668.45795,512.0,1366110.0,0.00015,2007.0,0.0,16144.613706,
2015/06/30,1151.172057,494.0,1346030.0,0.000161,5197.0,0.0,14918.657866,
2015/07/01,924.552344,443.0,1453660.0,0.000142,2224.0,0.0,13890.232821,
2015/07/02,1716.994565,509.0,1279500.0,0.000143,1323.0,0.0,16668.801842,
2015/07/03,5247.89265,512.0,1290670.0,0.000143,3873.0,0.0,17166.292235,
2015/07/04,2695.484169,487.0,1292130.0,0.000141,1575.0,0.0,15533.848012,
2015/07/05,1629.013806,513.0,1268850.0,0.000129,3717.0,0.0,16260.085333,
2015/07/06,3205.49733,526.0,1155430.0,0.000126,521.0,0.0,16919.957132,
2015/07/07,1939.651982,500.0,1133560.0,0.000142,3977.0,0.0,15730.946132,
2015/07/08,7808.988474,413.0,1280690.0,0.000161,2407.0,0.0,13299.24,
2015/07/09,2379.764304,335.0,1446360.0,0.000144,1678.0,0.0,11280.352789,
2015/07/10,950.37862,439.0,1296490.0,0.000149,3166.0,0.0,13324.152529,
2015/07/11,1422.324232,481.0,1303490.0,0.000161,5422.0,0.0,14875.462584,
2015/07/12,2844.988836,573.0,1453080.0,0.000157,3108.0,0.0,17094.447224,
2015/07/13,3170.503373,513.0,1417480.0,0.000157,3229.0,0.0,16755.845403,
2015/07/14,4668.936182,502.0,1413370.0,0.000158,970.0,0.0,15016.55194,
2015/07/15,1199.37276,469.0,1420690.0,0.000148,746.0,0.0,14130.815493,
2015/07/16,393.832314,482.0,1333850.0,0.000142,1869.0,0.0,14849.845709,
2015/07/17,1194.609884,490.0,1279530.0,0.000149,191.0,0.0,14966.552072,
2015/07/18,606.262664,494.0,1337300.0,0.000146,783.0,0.0,15422.036922,
2015/07/19,448.654304,499.0,1310970.0,0.000148,898.0,0.0,15124.998444,
2015/07/20,523.996495,504.0,1297720.0,0.000149,4446.0,0.0,15325.695533,
2015/07/21,13409.025987,489.0,1336880.0,0.000149,2177.0,0.0,16817.602116,
2015/07/22,1906.144526,404.0,1337450.0,0.000142,1237.0,0.0,12218.804688,
2015/07/23,3483.723228,274.0,1280660.0,0.000146,2965.0,0.0,9411.735131,
2015/07/24,1807.157964,503.0,1313850.0,0.000177,20017.0,0.0,16032.827374,
2015/07/25,9614.73232,563.0,1582230.0,0.000184,6331.0,0.0,21035.622516,
2015/07/26,2787.690341,534.0,1638760.0,0.000173,3001.0,0.0,17045.035619,
2015/07/27,4165.707381,534.0,1556100.0,0.000163,4905.0,0.0,17477.185799,
2015/07/28,5979.566898,508.0,1467380.0,0.000174,3019.0,0.0,16888.51389,
2015/07/29,2767.371362,523.0,1562880.0,0.000161,1294.0,0.0,17935.396741,
2015/07/30,992.645638,500.0,1451930.0,0.000166,1904.0,0.0,14714.790779,
2015/07/31,4593.367596,526.0,1496260.0,0.000164,798.0,0.0,15905.589758,
2015/08/01,337.460668,486.0,1473700.0,0.000164,1445.0,0.0,14532.0,
2015/08/02,1233.057364,495.0,1465340.0,0.000154,2565.0,0.0,15480.557146,
2015/08/03,3368.157408,504.0,1382850.0,0.000154,2002.0,0.0,16526.179903,
2015/08/04,1315.433768,492.0,1386140.0,0.000148,2833.0,0.0,15856.537045,
2015/08/05,1652.163812,396.0,1334650.0,0.000148,4230.0,0.0,12940.32744,
2015/08/06,5100.584619,500.0,1331060.0,0.000141,952.0,0.0,16743.444724,
2015/08/07,2078.9723,377.0,1266520.0,0.000145,1811.0,0.0,11766.977967,
2015/08/08,812.141136,15.0,1304060.0,0.000136,3307.0,0.0,801.282901,
2015/08/09,2287.26966,188.0,1223400.0,0.00013,8393.0,0.0,6904.618276,
2015/08/10,7884.88182,522.0,1165610.0,0.000135,1268.0,0.0,18814.407713,
2015/08/11,3303.389385,552.0,1218210.0,0.000135,3006.0,0.0,19019.685146,
2015/08/12,1569.407049,512.0,1213900.0,0.000133,5295.0,0.0,15795.702934,
2015/08/13,3039.343284,508.0,1151620.0,0.000123,3420.0,0.0,16394.827687,
2015/08/14,2045.137765,527.0,1110840.0,0.000121,1770.0,0.0,16076.013525,
2015/08/15,1728.219269,495.0,1086420.0,0.000119,2058.0,0.0,15727.395931,
2015/08/16,44011.711662,474.0,1075770.0,0.000123,2245.0,0.0,14918.852817,
2015/08/17,746.883627,339.0,1102690.0,0.000119,1511.0,0.0,9621.367062,
2015/08/18,1519.558848,512.0,1068820.0,9.2e-05,2207.0,0.0,15587.152707,
2015/08/19,945.3629,464.0,886954.0,0.0001,713.0,0.0,14288.072302,
2015/08/20,8148.714172,506.0,903222.0,0.000106,148.0,0.0,16591.721774,
2015/08/21,455.968944,470.0,954297.0,0.000101,651.0,0.0,14477.914076,
2015/08/22,200.521865,488.0,911403.0,0.000101,481.0,0.0,14529.950116,
2015/08/23,997.778474,506.0,911169.0,9.8e-05,111.0,0.0,15543.300467,
2015/08/24,535.577328,490.0,883014.0,9.3e-05,1331.0,0.0,14900.851212,
2015/08/25,1103.526888,509.0,833526.0,8.6e-05,1988.0,0.0,15826.934955,
2015/08/26,1591.92999,515.0,776234.0,9e-05,1348.0,0.0,17040.92071,
2015/08/27,970.966314,524.0,810572.0,9.7e-05,833.0,0.0,16346.348539,
2015/08/28,385.34364,524.0,882696.0,9.3e-05,1852.0,0.0,15733.589322,
2015/08/29,1591.034496,514.0,839895.0,9.6e-05,436.0,0.0,15563.156876,
2015/08/30,1543.907664,498.0,862945.0,0.000104,1193.0,0.0,14541.496477,
2015/08/31,6531.933664,499.0,936945.0,9.4e-05,588.0,0.0,16461.403828,
2015/09/01,540.6712,308.0,848213.0,0.0001,527.0,0.0,8797.008807,
2015/09/02,373.759936,197.0,903015.0,8.8e-05,897.0,0.0,4680.649841,
2015/09/03,680.709558,517.0,792863.0,8.9e-05,333.0,0.0,15448.0,
2015/09/04,577.25864,533.0,800916.0,9.7e-05,233.0,0.0,15132.137734,
2015/09/05,189.316788,486.0,869038.0,8.6e-05,1099.0,0.0,13408.685511,
2015/09/06,354.044064,504.0,771348.0,9.6e-05,902.0,0.0,14928.582166,
2015/09/07,1313.845344,473.0,863410.0,9.6e-05,315.0,0.0,14493.184652,
2015/09/08,17.918406,471.0,863050.0,9.9e-05,419.0,0.0,12973.0,
2015/09/09,817.19298,526.0,894429.0,9e-05,1343.0,0.0,15482.83675,
2015/09/10,1193.403848,532.0,813119.0,9.1e-05,2545.0,0.0,15431.989372,
2015/09/11,2040.88758,533.0,819178.0,9.4e-05,590.0,0.0,15745.840086,
2015/09/12,357.814905,474.0,848764.0,8.7e-05,233.0,0.0,13428.798864,
2015/09/13,222.04917,355.0,783983.0,9e-05,659.0,0.0,9910.600038,
2015/09/14,1067.004,538.0,809995.0,9e-05,95.0,0.0,15967.590091,
2015/09/15,838.908081,538.0,809295.0,9.9e-05,2995.0,0.0,15560.374274,
2015/09/16,2350.897892,531.0,887120.0,0.000106,10004.0,0.0,15142.569617,
2015/09/17,11166.968448,581.0,954054.0,0.000108,5428.0,0.0,18358.507412,
2015/09/18,1525.3891,413.0,973827.0,0.0001,1354.0,0.0,12211.984218,
2015/09/19,220.530222,542.0,902358.0,0.000102,1440.0,0.0,15066.003577,
2015/09/20,413.4563,551.0,916605.0,0.0001,1250.0,0.0,15050.927766,
2015/09/21,1057.934718,550.0,897869.0,0.000102,3745.0,0.0,14931.57573,
2015/09/22,696.44679,542.0,918909.0,0.00013,7599.0,0.0,15462.195708,
2015/09/23,1606.70808,581.0,1166180.0,0.00012,1843.0,0.0,16126.083639,
2015/09/24,1200.716116,569.0,1081340.0,0.000116,987.0,0.0,16103.539201,
2015/09/25,343.734254,551.0,1046760.0,0.000134,1853.0,0.0,14925.36645,
2015/09/26,2387.727568,463.0,1208870.0,0.000131,2186.0,0.0,13026.76421,
2015/09/27,1310.99826,434.0,1180660.0,0.00013,1636.0,0.0,12200.390525,
2015/09/28,2018.439989,582.0,1188700.0,0.000139,1641.0,0.0,16196.172832,
2015/09/29,1153.278625,558.0,1248540.0,0.000149,9728.0,0.0,15168.773606,
2015/09/30,14595.727799,546.0,1338340.0,0.000151,5864.0,0.0,19662.758868,
2015/10/01,7240.32435,578.0,1358740.0,0.000175,11660.0,0.0,16615.009784,
2015/10/02,11387.98507,398.0,1574540.0,0.000149,6645.0,0.0,15112.439979,
2015/10/03,9651.905131,404.0,1338390.0,0.000127,5007.0,0.0,12283.457333,
2015/10/04,2282.513494,573.0,1140040.0,0.000122,1783.0,0.0,16304.357053,
2015/10/05,1344.417732,580.0,1098070.0,0.000119,1640.0,0.0,15827.798925,
2015/10/06,1223.889975,516.0,1070640.0,0.000123,1030.0,0.0,13946.454817,
2015/10/07,2612.04252,566.0,1111120.0,0.000136,1230.0,0.0,17484.658722,
2015/10/08,1290.550424,600.0,1223560.0,0.000118,3949.0,0.0,15534.661063,
2015/10/09,263985.471594,593.0,1063210.0,0.000117,1174.0,0.0,17166.608989,
2015/10/10,282.120496,581.0,1052710.0,0.000112,352.0,0.0,15634.972327,
2015/10/11,293.138278,535.0,1009060.0,0.000109,1191.0,0.0,15441.255158,
2015/10/12,146.46645,527.0,977202.0,0.000117,331.0,0.0,14559.886616,
2015/10/13,465.576314,518.0,1054990.0,0.000119,1360.0,0.0,15486.807233,
2015/10/14,750.640756,552.0,1068520.0,0.000116,1192.0,0.0,15680.342207,
2015/10/15,980.410713,529.0,1039470.0,0.000113,2831.0,0.0,14855.051581,
2015/10/16,1586.023335,547.0,1014130.0,0.000117,1009.0,0.0,15568.123592,
2015/10/17,408.59116,541.0,1051960.0,0.000124,3306.0,0.0,14801.547928,
2015/10/18,2083.44738,557.0,1112660.0,0.000124,319.0,0.0,16465.248501,
2015/10/19,386.7615,580.0,1115230.0,0.000108,946.0,0.0,15769.367228,
2015/10/20,803.748114,556.0,974502.0,0.000117,717.0,0.0,15880.801749,
2015/10/21,347.705163,544.0,1052530.0,0.000117,95.0,0.0,15171.702407,
2015/10/22,623.95155,198.0,1055670.0,0.000118,280.0,0.0,5159.701123,
2015/10/23,1166.151924,55.0,1062290.0,0.000119,785.0,0.0,1218.761506,
2015/10/24,355.908372,53.0,1070000.0,0.000123,639.0,0.0,1137.73929,
2015/10/25,1268.620325,47.0,1105300.0,0.000119,1356.0,0.0,1397.458534,
2015/10/26,890.01681,335.0,1071830.0,0.000114,550.0,0.0,10226.821531,
2015/10/27,734.939946,532.0,1021850.0,0.000117,483.0,0.0,15727.266858,
2015/10/28,694.18236,376.0,1054810.0,0.00012,833.0,0.0,10422.126794,
2015/10/29,647.41012,241.0,1080480.0,0.00014,1930.0,0.0,6273.381537,
2015/10/30,2143.474768,497.0,1241460.0,0.000158,3174.0,0.0,15413.58199,
2015/10/31,8090.31067,532.0,1419010.0,0.000145,530.0,0.0,15644.38994,
2015/11/01,252.54855,517.0,1226560.0,0.00015,950.0,0.0,15097.844642,
2015/11/02,706.581792,496.0,1348540.0,0.000162,419.0,0.0,13962.799148,
2015/11/03,381.623796,523.0,1463990.0,0.000172,3720.0,0.0,15033.0,
2015/11/04,4703.647131,548.0,1555110.0,0.000151,1613.0,0.0,17129.277825,
2015/11/05,647.71752,537.0,1353420.0,0.000151,1455.0,0.0,15084.142628,
2015/11/06,1288.139084,523.0,1357870.0,0.000142,217.0,0.0,15457.614426,
2015/11/07,1032.51858,523.0,1276320.0,0.000164,218.0,0.0,15122.043726,
2015/11/08,99.189552,540.0,1475970.0,0.000141,484.0,0.0,14618.871675,
2015/11/09,951.68188,526.0,1278300.0,0.000152,352.0,0.0,15222.0,
2015/11/10,450.450396,528.0,1337270.0,0.000132,398.0,0.0,15393.460829,
2015/11/11,607.732973,516.0,1188270.0,0.000127,686.0,0.0,15063.719799,
2015/11/12,600.935676,488.0,1139010.0,0.000132,708.0,0.0,14747.019361,
2015/11/13,1166.575616,499.0,1183480.0,0.000128,77.0,0.0,16064.514313,
2015/11/14,20.679384,474.0,1150090.0,0.000121,112.0,0.0,14154.0,
2015/11/15,470.258432,559.0,1144000.0,0.000112,2260.0,0.0,15145.26513,
2015/11/16,2812.245408,541.0,1007210.0,0.000129,1355.0,0.0,16377.07996,
2015/11/17,332.347511,534.0,1161680.0,9.7e-05,6187.0,0.0,15198.926988,
2015/11/18,1470.621678,520.0,902826.0,0.000109,3405.0,0.0,16305.950915,
2015/11/19,3740.697447,512.0,979074.0,0.000111,616.0,0.0,17180.127874,
2015/11/20,186.953189,345.0,999873.0,0.000113,69.0,0.0,6164.925485,
2015/11/21,472.307015,540.0,1020430.0,0.000103,778.0,0.0,7634.0,
2015/11/22,1133.4589,83.0,929880.0,0.0001,686.0,0.0,1563.121985,
2015/11/23,649.12386,150.0,898880.0,0.000106,92.0,0.0,1863.567562,
2015/11/24,86.7575,539.0,955314.0,0.0001,179.0,0.0,7428.413681,
2015/11/25,4.824684,531.0,897112.0,0.000108,772.0,0.0,7419.0,
2015/11/26,720.708792,523.0,973836.0,0.000111,696.0,0.0,7379.358323,
2015/11/27,524.091642,374.0,1003330.0,9.3e-05,1016.0,0.0,5381.294872,
2015/11/28,689.76587,545.0,833174.0,0.000107,946.0,0.0,8043.543061,
2015/11/29,394.916184,539.0,960336.0,0.000104,247.0,0.0,7878.733833,
2015/11/30,354.56311,528.0,933912.0,0.000106,224.0,0.0,7634.589556,
2015/12/01,779.591688,545.0,950715.0,0.000116,1860.0,0.0,7923.056114,
2015/12/02,1105.63359,326.0,1044380.0,0.000102,3449.0,0.0,5108.610294,
2015/12/03,2457.310284,136.0,922833.0,0.000108,1771.0,0.0,1863.424817,
2015/12/04,1287.613876,405.0,974880.0,0.000118,1096.0,0.0,6740.800853,
2015/12/05,524.700452,245.0,1058130.0,0.000118,165.0,0.0,3208.148639,
2015/12/06,1655.026048,551.0,1077410.0,0.000104,2133.0,0.0,7699.186497,
2015/12/07,1116.881388,553.0,930447.0,0.000126,792.0,0.0,8183.258118,
2015/12/08,258.084106,548.0,1137930.0,0.000133,1172.0,0.0,7603.770998,
2015/12/09,1112.004066,528.0,1205030.0,0.000137,676.0,0.0,7988.060224,
2015/12/10,1219.63874,590.0,1233710.0,0.000146,561.0,0.0,8204.583649,
2015/12/11,1800.025824,553.0,1311020.0,0.000146,258.0,0.0,8200.184314,
2015/12/12,922.71088,527.0,1320440.0,0.000127,718.0,0.0,7892.882301,
2015/12/13,120.17577,15.0,1399390.0,0.000143,2345.0,0.0,370.066291,
2015/12/14,5743.227972,299.0,1288610.0,0.000138,187.0,0.0,5395.30309,
2015/12/15,713.466684,497.0,1239320.0,0.000126,1109.0,0.0,7807.911613,
2015/12/16,816.085389,529.0,1131790.0,0.000183,7084.0,0.0,8141.770674,
2015/12/17,4390.75242,585.0,1790580.0,0.000243,33215.0,0.0,9226.355687,
2015/12/18,21469.476574,669.0,2188060.0,0.000182,12619.0,0.0,14191.998502,
2015/12/19,3419.547354,558.0,1639130.0,0.000162,4681.0,0.0,10445.689868,
2015/12/20,4054.858745,547.0,1461530.0,0.000155,3616.0,0.0,9621.571632,
2015/12/21,4285.970112,521.0,1398200.0,0.000192,6140.0,0.0,9219.168269,
2015/12/22,1829.92246,528.0,1729500.0,0.000194,3694.0,0.0,9265.291303,
2015/12/23,1160.640929,514.0,1742160.0,0.000203,4073.0,0.0,8296.837017,
2015/12/24,3236.690768,290.0,1824760.0,0.000178,3898.0,0.0,6110.081983,
2015/12/25,3729.462545,25.0,1635830.0,0.000185,3183.0,0.0,2272.127326,
2015/12/26,1004.183892,15.0,1665990.0,0.000162,1106.0,0.0,822.681009,
2015/12/27,440.96475,22.0,1454210.0,0.00015,3405.0,0.0,601.723968,
2015/12/28,1327.59088,48.0,1352370.0,0.00014,1392.0,0.0,2177.122388,
2015/12/29,1358.050617,14.0,1256480.0,0.000161,1042.0,0.0,759.333432,
2015/12/30,421.55312,284.0,1448130.0,0.00016,2870.0,0.0,4619.682719,
2015/12/31,332.996374,246.0,1439410.0,0.000151,1171.0,0.0,4216.0,
2016/01/01,214.601724,469.0,1358320.0,0.000162,1361.0,0.0,7492.00621,
2016/01/02,773.56521,470.0,1458810.0,0.000165,1140.0,0.0,7832.226072,
2016/01/03,96.49955,309.0,1484340.0,0.000175,573.0,0.0,4768.72549,
2016/01/04,741.67471,212.0,1575230.0,0.000203,7346.0,0.0,3340.0,
2016/01/05,4393.72827,526.0,1824260.0,0.000186,1676.0,0.0,9779.486036,
2016/01/06,1577.436184,509.0,1678260.0,0.000188,1372.0,0.0,8353.057774,
2016/01/07,224.58114,496.0,1688180.0,0.000252,20869.0,0.0,7686.845142,
2016/01/08,5017.209184,567.0,2265820.0,0.000272,30481.0,0.0,11167.476044,
2016/01/09,12662.9632,88.0,2447750.0,0.000256,9030.0,0.0,5899.639341,
2016/01/10,8188.842496,66.0,2307980.0,0.000256,3027.0,0.0,3320.944022,
2016/01/11,286.970168,17.0,2309540.0,0.000239,11982.0,0.0,351.475808,
2016/01/12,4108.30056,274.0,2146070.0,0.00026,7721.0,0.0,5246.007591,
2016/01/13,8689.189888,504.0,2318410.0,0.000248,6263.0,0.0,9949.918889,
2016/01/14,5732.42901,516.0,2233940.0,0.000285,39981.0,0.0,9533.929047,
2016/01/15,19358.585344,560.0,2563120.0,0.000256,37975.0,0.0,12524.336281,
2016/01/16,18481.604576,546.0,2295880.0,0.000278,10071.0,0.0,13786.247766,
2016/01/17,5973.676632,326.0,2501490.0,0.000294,9379.0,0.0,5890.105509,
2016/01/18,7315.48576,530.0,2556000.0,0.000352,68567.0,0.0,9940.960153,
2016/01/19,125053.152588,483.0,3166920.0,0.000468,126416.0,0.0,15283.999919,
2016/01/20,52574.283258,270.0,4146700.0,0.000606,252740.0,0.0,11113.238317,
2016/01/21,60282.570348,740.0,5239790.0,0.000468,81548.0,0.0,22189.98363,
2016/01/22,26366.3001,635.0,4227180.0,0.00045,52632.0,0.0,14254.118253,
2016/01/23,48695.37582,590.0,4081240.0,0.000455,68777.0,0.0,13035.328325,
2016/01/24,19901.136836,564.0,4191350.0,0.000413,28556.0,0.0,11053.044269,
2016/01/25,11733.402634,547.0,3718220.0,0.000379,27464.0,0.0,10986.653125,
2016/01/26,15645.771768,560.0,3410470.0,0.000418,26105.0,0.0,10570.984877,
2016/01/27,34174.96737,558.0,3756420.0,0.000422,35648.0,0.0,11573.39899,
2016/01/28,32048.298612,568.0,3795520.0,0.000396,19034.0,0.0,12865.521695,
2016/01/29,24020.932752,549.0,3562020.0,0.000432,19446.0,0.0,10817.230317,
2016/01/30,6748.77976,556.0,3853500.0,0.000466,35814.0,0.0,9766.489198,
2016/01/31,6180.667247,560.0,4122060.0,0.000491,46422.0,0.0,10419.68276,
2016/02/01,20060.992224,388.0,4448570.0,0.000507,52135.0,0.0,7464.843047,
2016/02/02,12219.095112,738.0,4564120.0,0.000588,114264.0,0.0,12201.775214,
2016/02/03,14111.05563,688.0,5228850.0,0.00063,91762.0,0.0,12488.801188,
2016/02/04,67919.348964,641.0,5661540.0,0.000601,78974.0,0.0,13725.912462,
2016/02/05,112564.793565,596.0,5407140.0,0.000631,24322.0,0.0,13849.487896,
2016/02/06,12856.62923,533.0,5680220.0,0.000634,16086.0,0.0,9925.223348,
2016/02/07,24675.62007,535.0,5703340.0,0.000606,24609.0,0.0,9830.491379,
2016/02/08,22573.2879,532.0,5456290.0,0.00059,15958.0,0.0,10309.642103,
2016/02/09,14007.249177,543.0,5312020.0,0.000543,18947.0,0.0,10199.680478,
2016/02/10,14128.42338,530.0,4920790.0,0.000535,23021.0,0.0,10025.444085,
2016/02/11,22641.558478,338.0,4813170.0,0.000506,21143.0,0.0,8375.487061,
2016/02/12,31689.413658,571.0,4645570.0,0.000609,31204.0,0.0,13048.875236,
2016/02/13,22064.04406,632.0,5455420.0,0.000566,21921.0,0.0,11506.736547,
2016/02/14,20633.738202,577.0,5106440.0,0.000594,8013.0,0.0,10799.476338,
2016/02/15,24029.78067,537.0,5350530.0,0.000578,8518.0,0.0,9822.153366,
2016/02/16,4360.214754,491.0,5200430.0,0.000518,33862.0,0.0,8543.342227,
2016/02/17,12371.483102,587.0,4692870.0,0.000466,23223.0,0.0,11995.294614,
2016/02/18,18971.53697,611.0,4194320.0,0.000557,57118.0,0.0,13598.53327,
2016/02/19,31634.97941,639.0,5037710.0,0.000565,33913.0,0.0,16764.431066,
2016/02/20,11018.608332,563.0,5082410.0,0.000606,84725.0,0.0,11078.016995,
2016/02/21,48000.10733,631.0,5369180.0,0.000662,46199.0,0.0,17820.993538,
2016/02/22,7021.95108,260.0,5957070.0,0.00067,48507.0,0.0,5359.254771,
2016/02/23,13321.704528,256.0,6041160.0,0.000648,28674.0,0.0,6964.729321,
2016/02/24,15325.899288,551.0,5836220.0,0.000651,33792.0,0.0,10700.340994,
2016/02/25,31439.733462,442.0,5835300.0,0.000629,39616.0,0.0,11473.0634,
2016/02/26,12923.57217,111.0,5691150.0,0.000645,20449.0,0.0,6349.707096,
2016/02/27,8534.353173,56.0,5822730.0,0.000643,14847.0,0.0,2974.49593,
2016/02/28,3469.943496,290.0,5789230.0,0.000654,12969.0,0.0,5749.056343,
2016/02/29,7640.465055,507.0,5882930.0,0.000647,19328.0,0.0,8816.350696,
2016/03/01,10948.503016,528.0,5716680.0,0.000628,14850.0,0.0,10394.821242,
2016/03/02,9211.504935,524.0,5649810.0,0.000645,18524.0,0.0,9773.8138,
2016/03/03,8285.115025,513.0,5797540.0,0.000605,22400.0,0.0,8457.351794,
2016/03/04,9315.717957,521.0,5451010.0,0.000637,21494.0,0.0,9542.056306,
2016/03/05,23869.702353,522.0,5641870.0,0.000709,77590.0,0.0,9739.839217,
2016/03/06,39651.839472,611.0,6377790.0,0.001043,348109.0,0.0,15857.562317,
2016/03/07,150230.760802,699.0,9433080.0,0.001622,627920.0,0.0,20327.971158,
2016/03/08,352191.388395,748.0,14564100.0,0.001635,260891.0,0.0,34134.105798,
2016/03/09,115380.169107,317.0,14846500.0,0.001329,367893.0,0.0,19653.856811,
2016/03/10,140415.06997,589.0,11966700.0,0.001385,161400.0,0.0,25302.871919,
2016/03/11,57313.505088,680.0,12395200.0,0.001344,61167.0,0.0,18621.388987,
2016/03/12,34186.92732,592.0,12071600.0,0.001365,99260.0,0.0,12878.629535,
2016/03/13,50363.814969,550.0,12149200.0,0.001341,95887.0,0.0,12855.375405,
2016/03/14,57162.653752,438.0,12055300.0,0.001256,134782.0,0.0,12578.24578,
2016/03/15,70265.104938,454.0,11290700.0,0.001239,98868.0,0.0,15951.751914,
2016/03/16,52933.13388,315.0,11214000.0,0.001172,116986.0,0.0,12183.232799,
2016/03/17,59525.965709,125.0,10562700.0,0.001301,131175.0,0.0,9176.653041,
2016/03/18,34271.200054,357.0,11562800.0,0.001183,47825.0,0.0,10054.998818,
2016/03/19,10658.81387,236.0,10637500.0,0.001294,65195.0,0.0,4794.749486,
2016/03/20,21577.182522,47.0,11699200.0,0.001239,62747.0,0.0,2208.851513,
2016/03/21,16862.07678,251.0,11143400.0,0.001257,50079.0,0.0,6522.964566,
2016/03/22,16822.529448,544.0,11308600.0,0.001272,31594.0,0.0,10472.596883,
2016/03/23,12222.481976,539.0,11335500.0,0.001304,61730.0,0.0,10056.30858,
2016/03/24,10544.309656,550.0,11732000.0,0.001256,48528.0,0.0,9123.351675,
2016/03/25,13862.33472,528.0,11328900.0,0.001248,37992.0,0.0,9691.895141,
2016/03/26,15047.662056,523.0,11227000.0,0.001484,695940.0,0.0,9189.927891,
2016/03/27,168216.605654,569.0,13356700.0,0.001454,305038.0,0.0,22434.727858,
2016/03/28,87285.103488,673.0,13081700.0,0.001584,150393.0,0.0,20030.034062,
2016/03/29,50493.513694,580.0,13969400.0,0.001534,187162.0,0.0,13129.783141,
2016/03/30,52063.765299,594.0,13807400.0,0.001491,66153.0,0.0,13765.392624,
2016/03/31,49217.18802,560.0,13303500.0,0.001495,46908.0,0.0,11446.708061,
2016/04/01,32219.211816,607.0,13454700.0,0.001473,64361.0,0.0,11850.487019,
2016/04/02,31818.317388,562.0,13160200.0,0.001443,52104.0,0.0,12145.149169,
2016/04/03,24797.59264,570.0,12990600.0,0.00136,60244.0,0.0,11624.405858,
2016/04/04,29919.62728,214.0,12271900.0,0.00137,38331.0,0.0,5709.092166,
2016/04/05,13283.158523,560.0,12338400.0,0.001373,38468.0,0.0,10654.081829,
2016/04/06,40949.362422,534.0,12357400.0,0.001361,17324.0,0.0,9330.18241,
2016/04/07,4204.592878,513.0,12249300.0,0.001349,12999.0,0.0,8524.977468,
2016/04/08,3730.910007,517.0,12107500.0,0.001419,26063.0,0.0,8481.744814,
2016/04/09,7721.32432,526.0,12774300.0,0.001412,28257.0,0.0,8782.871221,
2016/04/10,22621.9014,525.0,12707500.0,0.0014,65615.0,0.0,9093.179966,
2016/04/11,34850.161386,885.0,12599900.0,0.001458,22648.0,0.0,16032.951633,
2016/04/12,13039.12435,37.0,13118400.0,0.00139,27811.0,0.0,2064.815738,
2016/04/13,20637.998745,62.0,12510400.0,0.001365,55189.0,0.0,3944.400401,
2016/04/14,34147.855066,128.0,12285900.0,0.001579,226419.0,0.0,6148.875092,
2016/04/15,83998.477329,192.0,14213600.0,0.001443,116531.0,0.0,11229.311459,
2016/04/16,54356.761484,181.0,12987400.0,0.001423,60570.0,0.0,7726.477644,
2016/04/17,21596.991,130.0,12809400.0,0.0015,40530.0,0.0,4735.065438,
2016/04/18,39352.263136,127.0,13360700.0,0.001558,77865.0,0.0,5923.483913,
2016/04/19,32024.22156,153.0,14038600.0,0.00162,35119.0,0.0,6592.943482,
2016/04/20,23575.447872,309.0,14574400.0,0.001647,123362.0,0.0,7324.345394,
2016/04/21,38054.643709,571.0,14820900.0,0.001579,63276.0,0.0,13066.106425,
2016/04/22,48377.830299,612.0,14216100.0,0.001583,27030.0,0.0,12104.032034,
2016/04/23,13039.8368,411.0,14245700.0,0.0016,24123.0,0.0,7840.048028,
2016/04/24,14411.346684,102.0,14401400.0,0.001533,30483.0,0.0,2412.589734,
2016/04/25,26179.210926,115.0,13815600.0,0.001518,41019.0,0.0,3265.139542,
2016/04/26,43083.772644,446.0,13641500.0,0.001532,34249.0,0.0,9556.175754,
2016/04/27,16360.138585,601.0,13791900.0,0.001645,60837.0,0.0,11000.752863,
2016/04/28,43546.774245,625.0,14760900.0,0.001599,48880.0,0.0,13118.765064,
2016/04/29,30181.214844,522.0,14392900.0,0.001607,12164.0,0.0,12143.607445,
2016/04/30,4284.189546,83.0,14456100.0,0.001601,20784.0,0.0,1677.675556,
2016/05/01,19093.965264,92.0,14412300.0,0.001606,19104.0,0.0,3028.13244,
2016/05/02,67597.27945,119.0,14457800.0,0.001574,17512.0,0.0,3736.076041,
2016/05/03,32250.70638,268.0,14166500.0,0.001578,31618.0,0.0,4885.28049,
2016/05/04,37902.746505,104.0,14197900.0,0.001535,12471.0,0.0,3228.230322,
2016/05/05,7805.09432,93.0,13819400.0,0.001535,23235.0,0.0,1893.549601,
2016/05/06,30295.88703,105.0,13818000.0,0.00159,15647.0,0.0,2856.870213,
2016/05/07,3583.152594,97.0,14713600.0,0.001554,18165.0,0.0,1868.198354,
2016/05/08,19986.273239,129.0,13990900.0,0.001517,34875.0,0.0,3277.051796,
2016/05/09,10225.320975,108.0,13557600.0,0.001475,20281.0,0.0,2718.598143,
2016/05/10,14318.564574,101.0,13276900.0,0.001506,13587.0,0.0,2335.648014,
2016/05/11,7291.112738,105.0,13558000.0,0.001534,9375.0,0.0,2536.765306,
2016/05/12,1209.443776,107.0,13805700.0,0.001571,35261.0,0.0,1560.330193,
2016/05/13,21989.611303,107.0,14002000.0,0.001517,22258.0,0.0,3155.141966,
2016/05/14,12183.6379,105.0,13657000.0,0.001435,19939.0,0.0,2901.029344,
2016/05/15,15676.55775,118.0,12919500.0,0.00147,9596.0,0.0,2404.864486,
2016/05/16,3559.907524,91.0,13232000.0,0.001492,29747.0,0.0,2001.364321,
2016/05/17,12845.28115,129.0,13423100.0,0.001465,24857.0,0.0,3650.466037,
2016/05/18,9228.176576,103.0,13188200.0,0.001444,21163.0,0.0,2541.986364,
2016/05/19,13727.090845,103.0,12995300.0,0.001549,66759.0,0.0,3018.996737,
2016/05/20,20096.61888,114.0,13921600.0,0.001664,184416.0,0.0,3181.687112,
2016/05/21,95435.66934,244.0,15204900.0,0.00162,59265.0,0.0,14661.527405,
2016/05/22,25253.53896,152.0,14581200.0,0.001698,41583.0,0.0,5407.777073,
2016/05/23,29109.935228,110.0,15255100.0,0.001661,22784.0,0.0,4412.005305,
2016/05/24,23537.292912,77.0,14950300.0,0.001652,25705.0,0.0,3436.603281,
2016/05/25,21602.799036,122.0,14798100.0,0.001638,40465.0,0.0,3410.020517,
2016/05/26,12680.275868,115.0,14747100.0,0.001508,68522.0,0.0,3126.880984,
2016/05/27,42351.313046,165.0,12912500.0,0.001561,54836.0,0.0,5284.45071,
2016/05/28,45206.676754,146.0,14039600.0,0.001613,74438.0,0.0,5365.91477,
2016/05/29,48880.576512,137.0,14509500.0,0.001648,55953.0,0.0,5132.712065,
2016/05/30,44781.503224,152.0,14689500.0,0.001676,35592.0,0.0,5605.915799,
2016/05/31,52318.888125,143.0,15070100.0,0.001875,171256.0,0.0,5843.245715,
2016/06/01,229511.298042,207.0,16898600.0,0.002034,93395.0,0.0,12241.103711,
2016/06/02,52304.28406,166.0,18281500.0,0.00197,30940.0,0.0,7927.071338,
2016/06/03,17497.508382,152.0,17725900.0,0.002001,31976.0,0.0,2480.16242,
2016/06/04,27569.33487,136.0,18014600.0,0.00201,13642.0,0.0,2732.159566,
2016/06/05,10999.230134,119.0,18176900.0,0.002003,31833.0,0.0,1405.824525,
2016/06/06,22769.37075,162.0,18023000.0,0.002023,25280.0,0.0,2940.830134,
2016/06/07,18178.3536,123.0,18208400.0,0.002024,48058.0,0.0,2309.619601,
2016/06/08,18432.03216,114.0,18425300.0,0.001968,40244.0,0.0,2872.251709,
2016/06/09,21827.705964,180.0,17704500.0,0.001858,69457.0,0.0,3930.340796,
2016/06/10,41999.13584,185.0,16722400.0,0.001888,36825.0,0.0,5272.588429,
2016/06/11,37481.61288,192.0,16991200.0,0.001968,13460.0,0.0,4678.176222,
2016/06/12,6550.153452,164.0,17803600.0,0.002094,74584.0,0.0,1858.871235,
2016/06/13,60071.132597,252.0,18838900.0,0.002219,126549.0,0.0,6414.738463,
2016/06/14,34047.552528,201.0,19971400.0,0.002376,190254.0,0.0,4320.276072,
2016/06/15,68320.876932,274.0,21384700.0,0.002436,89352.0,0.0,8490.253192,
2016/06/16,46179.296625,187.0,21927200.0,0.002695,93485.0,0.0,4635.304925,
2016/06/17,54493.29454,232.0,24274200.0,0.002564,176445.0,0.0,4709.39773,
2016/06/18,56774.506003,216.0,23156400.0,0.003041,216735.0,0.0,5281.484899,
2016/06/19,170707.23162,267.0,27365600.0,0.005004,2144130.0,0.0,8834.781429,
2016/06/20,599818.30023,651.0,44596400.0,0.005594,2068320.0,0.0,25066.275876,
2016/06/21,515460.814,526.0,50700100.0,0.0044,1400580.0,0.0,23284.676486,
2016/06/22,481567.336152,595.0,39707300.0,0.004088,708990.0,0.0,32753.672573,
2016/06/23,449854.063308,498.0,37217300.0,0.005122,661495.0,0.0,21993.433407,
2016/06/24,456618.142876,450.0,46628200.0,0.007508,1781030.0,0.0,17118.845527,
2016/06/25,563242.13109,491.0,68521300.0,0.007407,1985250.0,0.0,21720.291311,
2016/06/26,695998.207578,708.0,66539200.0,0.006817,919578.0,0.0,27719.670633,
2016/06/27,460469.654,481.0,61321900.0,0.011272,3121330.0,0.0,13634.220564,
2016/06/28,944138.4354,582.0,103728000.0,0.012825,9830870.0,0.0,20104.151064,
2016/06/29,2925664.15429,1678.0,112803000.0,0.010399,6424080.0,0.0,76072.034062,
2016/06/30,1494810.01799,914.0,93721500.0,0.012527,4287380.0,0.0,32843.536861,
2016/07/01,878256.505746,789.0,111615000.0,0.010477,3648490.0,0.0,26384.43736,
2016/07/02,1607915.31033,888.0,94204800.0,0.010535,1213810.0,0.0,33797.339619,
2016/07/03,654541.559008,530.0,94844700.0,0.010768,1352360.0,0.0,18124.669344,
2016/07/04,3042734.87697,540.0,96841800.0,0.010891,1053260.0,0.0,19344.739968,
2016/07/05,763598.47207,577.0,97650000.0,0.009415,1359130.0,0.0,21238.582496,
2016/07/06,780206.819822,666.0,85150500.0,0.009398,806001.0,0.0,26190.968968,
2016/07/07,417594.148943,496.0,84109800.0,0.007649,2017560.0,0.0,14958.568696,
2016/07/08,762299.791032,596.0,69275900.0,0.008166,1307980.0,0.0,24151.425878,
2016/07/09,379352.296206,490.0,73583800.0,0.008034,403571.0,0.0,15092.515161,
2016/07/10,355937.8677,391.0,72338200.0,0.00815,350326.0,0.0,10463.423733,
2016/07/11,202504.674449,358.0,73382400.0,0.008119,465964.0,0.0,8576.810685,
2016/07/12,397206.165915,430.0,73117100.0,0.009321,1668430.0,0.0,12657.717802,
2016/07/13,375364.45604,533.0,83638400.0,0.00868,653997.0,0.0,15906.822397,
2016/07/14,343845.912256,426.0,78243100.0,0.008096,894330.0,0.0,10274.981719,
2016/07/15,487616.59043,480.0,72828300.0,0.008158,458812.0,0.0,15371.929681,
2016/07/16,260748.792241,388.0,73032200.0,0.007903,301630.0,0.0,11959.288508,
2016/07/17,115281.40128,290.0,71140300.0,0.00772,352705.0,0.0,6237.509557,
2016/07/18,242260.488756,304.0,69302900.0,0.007542,196177.0,0.0,8846.214685,
2016/07/19,104713.087988,280.0,68000700.0,0.006758,775842.0,0.0,5883.252748,
2016/07/20,363406.809252,399.0,60800600.0,0.007206,404954.0,0.0,16469.13105,
2016/07/21,303978.230674,313.0,64930600.0,0.006802,345004.0,0.0,8198.717497,
2016/07/22,328214.03746,342.0,61584000.0,0.00673,469661.0,0.0,11200.254714,
2016/07/23,295431.50539,398.0,60675500.0,0.007226,651708.0,0.0,14058.716281,
2016/07/24,120797.929847,289.0,65035800.0,0.006881,227133.0,0.0,7361.575527,
2016/07/25,782501.8351,212.0,61739600.0,0.00701,191396.0,0.0,4344.603794,
2016/07/26,90907.703964,320.0,62637000.0,0.006586,437248.0,0.0,5644.122974,
2016/07/27,232522.851836,370.0,59122000.0,0.006644,304369.0,0.0,10032.53354,
2016/07/28,187475.06782,296.0,59639600.0,0.006628,132462.0,0.0,6183.966311,
2016/07/29,95242.815569,302.0,59642700.0,0.006589,65604.0,0.0,5468.015654,
2016/07/30,74454.593694,298.0,59304900.0,0.006726,87991.0,0.0,4721.295494,
2016/07/31,42080.117972,260.0,60650100.0,0.006658,141660.0,0.0,3425.17636,
2016/08/01,123915.960785,360.0,59935500.0,0.006295,228840.0,0.0,4999.51869,
2016/08/02,100536.082136,349.0,56505200.0,0.004997,730517.0,0.0,8284.394368,
2016/08/03,286129.703392,436.0,45354300.0,0.005146,450543.0,0.0,15541.911148,
2016/08/04,321435.157048,409.0,46362300.0,0.005288,371559.0,0.0,13587.754139,
2016/08/05,107114.591786,340.0,47682700.0,0.005282,116694.0,0.0,7208.610437,
2016/08/06,81070.220296,234.0,47550300.0,0.005326,181672.0,0.0,5265.918389,
2016/08/07,108926.247872,217.0,47930600.0,0.005018,246072.0,0.0,4827.546592,
2016/08/08,186684.718158,384.0,45039100.0,0.005006,123853.0,0.0,9063.190839,
2016/08/09,68495.987552,342.0,45057700.0,0.005501,627845.0,0.0,5000.98778,
2016/08/10,146569.554712,375.0,48959600.0,0.005549,339475.0,0.0,8859.148158,
2016/08/11,111900.650002,335.0,49947700.0,0.005666,130541.0,0.0,7375.912908,
2016/08/12,87912.428838,284.0,51100000.0,0.006686,782251.0,0.0,4197.370238,
2016/08/13,156325.994478,333.0,60806800.0,0.006562,321962.0,0.0,7990.208002,
2016/08/14,210012.215172,338.0,59133000.0,0.006493,297574.0,0.0,6762.222009,
2016/08/15,97083.48183,263.0,58406800.0,0.006351,172606.0,0.0,7364.200512,
2016/08/16,109626.510433,395.0,56531000.0,0.006193,144676.0,0.0,6630.260252,
2016/08/17,62100.794088,266.0,55927500.0,0.006254,77010.0,0.0,4972.62427,
2016/08/18,51327.752784,254.0,56279200.0,0.006414,155516.0,0.0,3978.776859,
2016/08/19,75700.947976,288.0,57736600.0,0.006836,159428.0,0.0,4756.41802,
2016/08/20,167626.761342,337.0,61519400.0,0.006537,104600.0,0.0,7202.025794,
2016/08/21,50795.42985,342.0,58457900.0,0.006325,85870.0,0.0,4489.27259,
2016/08/22,277443.94587,321.0,56980200.0,0.006214,111892.0,0.0,5989.643332,
2016/08/23,55449.112704,335.0,55667600.0,0.005559,195676.0,0.0,4330.28824,
2016/08/24,110392.969544,313.0,50575500.0,0.005764,68332.0,0.0,5009.287882,
2016/08/25,23274.694084,296.0,51825000.0,0.005867,132621.0,0.0,3219.287397,
2016/08/26,100639.725324,342.0,52973900.0,0.005858,93546.0,0.0,7214.282675,
2016/08/27,109006.342435,322.0,52722200.0,0.005711,170161.0,0.0,5572.020971,
2016/08/28,232692.275965,394.0,51394100.0,0.005945,240770.0,0.0,10396.759731,
2016/08/29,93547.174552,334.0,53338500.0,0.005828,118219.0,0.0,7768.210299,
2016/08/30,96139.466426,351.0,52675100.0,0.005867,95943.0,0.0,7145.503416,
2016/08/31,169646.588188,335.0,52810100.0,0.005698,159010.0,0.0,6960.105948,
2016/09/01,179534.970182,353.0,51288500.0,0.005569,121379.0,0.0,6890.946893,
2016/09/02,69129.102358,357.0,50281600.0,0.005618,69772.0,0.0,5167.589508,
2016/09/03,96138.67695,359.0,50250100.0,0.005725,91693.0,0.0,5920.702695,
2016/09/04,141536.300707,325.0,51550600.0,0.005647,114152.0,0.0,4615.087132,
2016/09/05,89095.914576,323.0,50830400.0,0.005724,80711.0,0.0,5584.642958,
2016/09/06,161949.442611,314.0,51523500.0,0.005703,151265.0,0.0,4981.616445,
2016/09/07,95543.8332,328.0,51331200.0,0.0057,167523.0,0.0,5776.889704,
2016/09/08,78517.924992,330.0,51297800.0,0.005664,82533.0,0.0,5440.854798,
2016/09/09,32787.334854,331.0,50966800.0,0.006211,193607.0,0.0,3601.658449,
2016/09/10,134074.54929,385.0,55030000.0,0.005874,122676.0,0.0,8346.825781,
2016/09/11,65501.90182,356.0,53082900.0,0.005716,53542.0,0.0,6715.239206,
2016/09/12,44055.084144,309.0,51432500.0,0.005736,60043.0,0.0,3634.210591,
2016/09/13,98034.18508,300.0,51640500.0,0.005876,40218.0,0.0,4269.267123,
2016/09/14,43333.61948,343.0,52607700.0,0.005695,38958.0,0.0,3526.345349,
2016/09/15,84728.56535,307.0,51249000.0,0.005674,95900.0,0.0,4049.369826,
2016/09/16,99115.317756,305.0,51053300.0,0.005499,178507.0,0.0,4900.737271,
2016/09/17,177530.255244,358.0,49493400.0,0.005274,88160.0,0.0,6491.830975,
2016/09/18,94471.026026,342.0,47579300.0,0.005174,106492.0,0.0,5128.080338,
2016/09/19,158425.73592,359.0,46391800.0,0.00516,59635.0,0.0,6319.157055,
2016/09/20,300469.16802,328.0,46437700.0,0.005127,44593.0,0.0,4384.188001,
2016/09/21,33587.92374,319.0,46901600.0,0.005415,89011.0,0.0,3332.088747,
2016/09/22,45269.023163,323.0,48745100.0,0.005299,56257.0,0.0,3894.800566,
2016/09/23,60698.608938,333.0,47672200.0,0.005251,40640.0,0.0,3814.460392,
2016/09/24,84572.567276,356.0,47255500.0,0.005167,16142.0,0.0,3750.166765,
2016/09/25,262594.954952,386.0,46503600.0,0.005066,46872.0,0.0,5934.493384,
2016/09/26,67593.1362,346.0,45941800.0,0.004988,78480.0,0.0,4521.908906,
2016/09/27,47708.75269,376.0,44884500.0,0.00467,240493.0,0.0,5189.610848,
2016/09/28,158227.937325,446.0,40925600.0,0.004617,132509.0,0.0,9765.894494,
2016/09/29,57676.28485,358.0,41577300.0,0.004006,299521.0,0.0,4550.845548,
2016/09/30,719317.592518,489.0,36431000.0,0.004366,185871.0,0.0,12786.440133,
2016/10/01,83923.868754,402.0,39365200.0,0.004386,54594.0,0.0,5977.414875,
2016/10/02,25464.236355,339.0,39926200.0,0.004311,23396.0,0.0,3325.237701,
2016/10/03,27649.840925,352.0,39089800.0,0.004285,38939.0,0.0,3753.376676,
2016/10/04,90429.291904,383.0,38566500.0,0.004256,54405.0,0.0,4040.135479,
2016/10/05,88862.235488,372.0,38300600.0,0.004336,31162.0,0.0,4824.524286,
2016/10/06,58431.094387,373.0,39145900.0,0.004399,26339.0,0.0,4705.274123,
2016/10/07,62180.372457,390.0,39583500.0,0.004019,127648.0,0.0,4702.6591,
2016/10/08,48776.11326,389.0,36259700.0,0.003955,66933.0,0.0,6083.886449,
2016/10/09,70960.765893,387.0,35577700.0,0.003877,34308.0,0.0,5060.27633,
2016/10/10,21839.108346,361.0,34893000.0,0.003546,142522.0,0.0,3618.064735,
2016/10/11,77163.890442,403.0,31924700.0,0.004547,708261.0,0.0,7426.006518,
2016/10/12,155803.987285,504.0,40909200.0,0.004045,168465.0,0.0,13984.669707,
2016/10/13,74482.643328,417.0,36401900.0,0.004128,83166.0,0.0,7637.474121,
2016/10/14,64860.8301,364.0,38012400.0,0.004275,112493.0,0.0,4904.296338,
2016/10/15,67820.483242,365.0,38477600.0,0.004003,34639.0,0.0,5143.002389,
2016/10/16,41667.305948,354.0,35906400.0,0.003988,13009.0,0.0,4041.133268,
2016/10/17,39842.047082,334.0,35897900.0,0.003814,86945.0,0.0,3798.024815,
2016/10/18,108227.47125,378.0,34329500.0,0.003875,34164.0,0.0,5728.144572,
2016/10/19,36229.610361,360.0,34877600.0,0.003803,40187.0,0.0,3731.329276,
2016/10/20,36108.01467,335.0,34226700.0,0.003738,70155.0,0.0,3798.285221,
2016/10/21,55807.24422,351.0,33721200.0,0.003705,42624.0,0.0,4058.778722,
2016/10/22,25477.10018,346.0,33341100.0,0.003745,29359.0,0.0,3267.091297,
2016/10/23,22460.01274,320.0,33724900.0,0.003751,56694.0,0.0,3283.267504,
2016/10/24,26021.988333,370.0,33767100.0,0.003879,56939.0,0.0,4892.87157,
2016/10/25,38061.219572,354.0,34907200.0,0.003908,103055.0,0.0,3871.123937,
2016/10/26,56034.07767,403.0,35179000.0,0.00381,36509.0,0.0,6683.278763,
2016/10/27,51709.640832,322.0,34285000.0,0.003936,48702.0,0.0,3690.55583,
2016/10/28,92817.761156,342.0,35437200.0,0.003743,61909.0,0.0,3521.987016,
2016/10/29,46149.238168,398.0,33694600.0,0.003496,113046.0,0.0,6520.382019,
2016/10/30,73879.980544,433.0,31457000.0,0.003712,46940.0,0.0,8930.694469,
2016/10/31,74802.388713,348.0,33461500.0,0.003629,41132.0,0.0,4278.34587,
2016/11/01,26745.956556,367.0,32655200.0,0.003828,86034.0,0.0,4572.344758,
2016/11/02,68361.631619,397.0,34460900.0,0.003749,31717.0,0.0,7801.305565,
2016/11/03,32294.66088,350.0,33792300.0,0.003664,52800.0,0.0,3544.480714,
2016/11/04,80391.946972,350.0,32988700.0,0.003722,16777.0,0.0,5027.812987,
2016/11/05,10731.79191,323.0,33495300.0,0.003885,92488.0,0.0,2973.705016,
2016/11/06,45324.650538,450.0,34962700.0,0.003706,61509.0,0.0,5961.951967,
2016/11/07,43713.874875,402.0,33345400.0,0.004125,83387.0,0.0,4966.423335,
2016/11/08,41461.7115,379.0,37239200.0,0.004125,125635.0,0.0,4275.251772,
2016/11/09,86958.700894,468.0,37122200.0,0.003923,87389.0,0.0,9047.91943,
2016/11/10,34439.909585,361.0,35306800.0,0.004159,95765.0,0.0,4685.850013,
2016/11/11,81374.09852,404.0,37547700.0,0.004867,498999.0,0.0,6449.940899,
2016/11/12,124776.567864,404.0,42747300.0,0.004773,197376.0,0.0,10233.377492,
2016/11/13,125554.802208,464.0,43211100.0,0.004647,121811.0,0.0,9282.432973,
2016/11/14,186431.522144,446.0,41318900.0,0.004256,169961.0,0.0,8368.782144,
2016/11/15,82712.947264,409.0,38338400.0,0.004192,109164.0,0.0,6312.839399,
2016/11/16,60560.572128,397.0,37720000.0,0.003992,125417.0,0.0,6735.361622,
2016/11/17,87163.217,407.0,36039900.0,0.004021,98053.0,0.0,7446.681939,
2016/11/18,32642.582856,377.0,36180400.0,0.004008,32246.0,0.0,5346.672415,
2016/11/19,13909.731297,356.0,36066200.0,0.003993,25630.0,0.0,3188.111658,
2016/11/20,61374.683697,371.0,35941600.0,0.003943,56805.0,0.0,4480.034169,
2016/11/21,42751.544418,401.0,35739000.0,0.003937,10950.0,0.0,3916.278791,
2016/11/22,7631.73592,365.0,35490300.0,0.00376,63397.0,0.0,2977.125887,
2016/11/23,25367.367993,388.0,33837000.0,0.003707,22854.0,0.0,4899.8925,
2016/11/24,36956.34342,377.0,33335300.0,0.003606,70388.0,0.0,4316.376471,
2016/11/25,68538.010896,387.0,32443600.0,0.003592,27450.0,0.0,5065.451597,
2016/11/26,23750.86854,351.0,32326100.0,0.003668,80513.0,0.0,3090.543275,
2016/11/27,21672.992969,375.0,33243600.0,0.003671,50158.0,0.0,3948.731877,
2016/11/28,23388.826458,362.0,33041200.0,0.003747,25164.0,0.0,3645.017077,
2016/11/29,11414.746506,371.0,33727600.0,0.003754,26742.0,0.0,3228.921541,
2016/11/30,20620.477521,361.0,33781300.0,0.003717,12622.0,0.0,4001.464962,
2016/12/01,17586.46277,369.0,33453400.0,0.003646,47370.0,0.0,3693.625,
2016/12/02,48975.90477,432.0,32719700.0,0.003505,112369.0,0.0,5239.174177,
2016/12/03,78132.45705,446.0,31548200.0,0.00345,33408.0,0.0,8203.290293,
2016/12/04,34814.03737,314.0,31048000.0,0.003563,14388.0,0.0,3595.884175,
2016/12/05,11634.82089,309.0,32087800.0,0.003311,41901.0,0.0,2297.986769,
2016/12/06,22400.487711,297.0,29798900.0,0.003207,114567.0,0.0,3256.399012,
2016/12/07,82505.303486,384.0,28872500.0,0.003439,90073.0,0.0,7407.046277,
2016/12/08,29990.302412,293.0,31208200.0,0.003332,38625.0,0.0,4297.639305,
2016/12/09,11804.37895,394.0,29981800.0,0.003265,41814.0,0.0,3591.51898,
2016/12/10,22187.651328,398.0,29228800.0,0.003348,28807.0,0.0,4184.574945,
2016/12/11,24685.6464,395.0,30131800.0,0.00344,17412.0,0.0,3827.00431,
2016/12/12,20681.80795,381.0,30960500.0,0.00337,9717.0,0.0,3111.423747,
2016/12/13,4527.254256,378.0,30324900.0,0.003313,15639.0,0.0,2526.807463,
2016/12/14,12156.755184,361.0,29789100.0,0.003408,24447.0,0.0,2659.280812,
2016/12/15,28829.5221,398.0,30606100.0,0.003405,26255.0,0.0,3069.499969,
2016/12/16,86764.820208,454.0,30639700.0,0.003596,41678.0,0.0,7219.648053,
2016/12/17,51687.013248,409.0,32361600.0,0.003627,32836.0,0.0,4211.541945,
2016/12/18,20264.561112,373.0,32641500.0,0.003819,100644.0,0.0,2805.923786,
2016/12/19,39967.563107,439.0,34382500.0,0.003743,107734.0,0.0,5178.083878,
2016/12/20,194170.235441,494.0,33686500.0,0.003731,31798.0,0.0,4828.076498,
2016/12/21,11037.608576,406.0,33576900.0,0.003488,60202.0,0.0,3183.250122,
2016/12/22,82435.7556,431.0,31440800.0,0.0036,87629.0,0.0,5425.502701,
2016/12/23,54191.381296,424.0,32397800.0,0.003524,122783.0,0.0,3932.832641,
2016/12/24,43732.857332,438.0,31758500.0,0.003548,99398.0,0.0,4842.026145,
2016/12/25,51368.916006,302.0,31938900.0,0.003606,49233.0,0.0,3271.083545,
2016/12/26,45469.599175,247.0,32290800.0,0.003575,32883.0,0.0,2197.2786,
2016/12/27,9948.942912,760.0,32200200.0,0.003392,80148.0,0.0,5169.260185,
2016/12/28,42305.023332,586.0,30591300.0,0.003627,87826.0,0.0,3461.566983,
2016/12/29,43567.104528,436.0,32642000.0,0.003726,64921.0,0.0,4664.523116,
2016/12/30,84051.169357,490.0,33655500.0,0.003793,101380.0,0.0,4415.032133,
2016/12/31,69428.435552,485.0,34136900.0,0.003676,26284.0,0.0,5258.918984,
2017/01/01,31729.46608,437.0,33087800.0,0.00344,78880.0,0.0,3679.055514,
2017/01/02,107087.91192,414.0,31006400.0,0.003377,106864.0,0.0,3860.764592,
2017/01/03,67393.093491,452.0,30396000.0,0.003573,70691.0,0.0,5726.070539,
2017/01/04,102786.68078,436.0,32151100.0,0.003766,347165.0,0.0,4941.399275,
2017/01/05,283140.930654,502.0,34123700.0,0.003638,566753.0,0.0,9976.505953,
2017/01/06,239672.823089,600.0,32693700.0,0.003329,184896.0,0.0,15712.372483,
2017/01/07,172724.350176,525.0,29854700.0,0.003508,289376.0,0.0,11274.868421,
2017/01/08,160180.583277,471.0,31574500.0,0.003421,82314.0,0.0,10616.642504,
2017/01/09,58366.601568,444.0,30815200.0,0.003608,99833.0,0.0,6604.302512,
2017/01/10,126879.459707,433.0,32458000.0,0.003601,75660.0,0.0,4622.143035,
2017/01/11,58287.972918,411.0,32406900.0,0.003297,115847.0,0.0,4208.406936,
2017/01/12,192712.008663,481.0,29643500.0,0.003489,104014.0,0.0,8433.389989,
2017/01/13,85563.623936,460.0,31385200.0,0.003592,84278.0,0.0,7667.112942,
2017/01/14,99437.7018,443.0,32410500.0,0.00372,66880.0,0.0,6629.986587,
2017/01/15,108355.350591,455.0,33470900.0,0.003667,72802.0,0.0,6261.154905,
2017/01/16,60939.822558,465.0,33006100.0,0.003669,27101.0,0.0,5055.663764,
2017/01/17,34883.713028,395.0,33025300.0,0.003524,106348.0,0.0,4073.894252,
2017/01/18,37166.177952,475.0,31752200.0,0.003552,84317.0,0.0,7027.922603,
2017/01/19,235721.79474,450.0,31962200.0,0.003585,53326.0,0.0,6057.568983,
2017/01/20,43225.0358,415.0,32249200.0,0.003545,61333.0,0.0,3888.117923,
2017/01/21,54483.105679,430.0,31909200.0,0.003691,46416.0,0.0,4930.363624,
2017/01/22,44830.98312,423.0,33176600.0,0.003696,47775.0,0.0,4985.676451,
2017/01/23,84273.3605,434.0,33289600.0,0.003689,67803.0,0.0,5275.446018,
2017/01/24,61731.895356,429.0,33236100.0,0.003902,69622.0,0.0,4690.502017,
2017/01/25,93556.842918,407.0,35127500.0,0.004543,227633.0,0.0,4673.541158,
2017/01/26,116615.5253,511.0,40937400.0,0.005204,503776.0,0.0,7944.075877,
2017/01/27,359608.606214,668.0,46780000.0,0.004994,624751.0,0.0,15409.824995,
2017/01/28,315882.46071,678.0,44998100.0,0.004815,223403.0,0.0,14323.281418,
2017/01/29,69757.253664,533.0,43394900.0,0.005164,286060.0,0.0,5998.425926,
2017/01/30,74897.732104,476.0,46560200.0,0.005252,99034.0,0.0,6189.548513,
2017/01/31,67255.345054,464.0,47246900.0,0.005237,175057.0,0.0,5159.825117,
2017/02/01,92867.798733,535.0,47197000.0,0.005487,103152.0,0.0,6329.834772,
2017/02/02,130052.972352,536.0,49383300.0,0.006294,293401.0,0.0,5892.692207,
2017/02/03,218607.29122,560.0,56648900.0,0.006938,570173.0,0.0,10258.056041,
2017/02/04,342603.920097,583.0,62546400.0,0.007173,439713.0,0.0,8863.74566,
2017/02/05,505735.619138,564.0,64686200.0,0.006389,470994.0,0.0,8875.935278,
2017/02/06,140291.471529,608.0,57508500.0,0.006039,345827.0,0.0,7931.353358,
2017/02/07,234108.14761,576.0,54395600.0,0.006917,521704.0,0.0,10389.438802,
2017/02/08,272773.085631,542.0,63324500.0,0.006661,301717.0,0.0,8947.975192,
2017/02/09,135346.192448,524.0,60055100.0,0.006323,268138.0,0.0,7309.61997,
2017/02/10,122324.57253,516.0,56768200.0,0.006338,177550.0,0.0,7312.312512,
2017/02/11,93763.580016,478.0,57016000.0,0.006992,180360.0,0.0,6335.35017,
2017/02/12,35724.4257,456.0,62782200.0,0.0069,231800.0,0.0,4230.417532,
2017/02/13,153531.571115,436.0,62188800.0,0.006635,254472.0,0.0,5781.571252,
2017/02/14,313554.22652,591.0,59411200.0,0.00673,117528.0,0.0,9430.93275,
2017/02/15,84572.314457,603.0,60562400.0,0.007093,115753.0,0.0,6737.628299,
2017/02/16,102768.125941,505.0,63727000.0,0.007039,219826.0,0.0,5566.355426,
2017/02/17,245393.890776,572.0,63265100.0,0.007113,174473.0,0.0,9179.373752,
2017/02/18,169307.128513,585.0,64155300.0,0.006863,170619.0,0.0,8924.178091,
2017/02/19,226333.47944,567.0,61765100.0,0.006352,268886.0,0.0,8871.129746,
2017/02/20,224292.665912,617.0,57480300.0,0.006559,161699.0,0.0,8271.640282,
2017/02/21,85594.518666,475.0,58872000.0,0.006326,170227.0,0.0,4899.314769,
2017/02/22,169580.364316,556.0,56762200.0,0.006388,91865.0,0.0,8329.125053,
2017/02/23,93788.479015,471.0,57403100.0,0.006853,121469.0,0.0,4786.67022,
2017/02/24,55345.193724,510.0,61891200.0,0.006571,145516.0,0.0,5805.242162,
2017/02/25,125999.3214,470.0,58994400.0,0.00634,148274.0,0.0,5486.060096,
2017/02/26,71710.935156,544.0,57097300.0,0.006447,84192.0,0.0,6174.306806,
2017/02/27,108730.433075,507.0,58115300.0,0.006415,101345.0,0.0,5557.052971,
2017/02/28,326781.38677,657.0,57693900.0,0.007034,189363.0,0.0,7409.989534,
2017/03/01,107356.6942,463.0,63121000.0,0.00785,588949.0,0.0,6140.673782,
2017/03/02,313124.040792,591.0,70867600.0,0.008818,442488.0,0.0,29872.885927,
2017/03/03,500779.801674,581.0,79174900.0,0.008887,937683.0,0.0,8845.586543,
2017/03/04,697587.735546,721.0,79956200.0,0.009567,392398.0,0.0,13135.397703,
2017/03/05,440668.977914,565.0,86360400.0,0.011338,711024.0,0.0,5656.5,
2017/03/06,181610.762548,525.0,99597600.0,0.010823,1425140.0,0.0,4813.0,
2017/03/07,767857.74356,953.0,98602200.0,0.01097,625104.0,0.0,19096.927629,
2017/03/08,505169.397588,749.0,98702100.0,0.009314,834043.0,0.0,13547.554999,
2017/03/09,1886285.73547,831.0,83721800.0,0.009042,606455.0,0.0,16889.847343,
2017/03/10,280426.720464,611.0,81923800.0,0.009141,562324.0,0.0,10372.597145,
2017/03/11,346256.344068,599.0,81563800.0,0.009836,546893.0,0.0,10227.831358,
2017/03/12,408801.607902,619.0,88559500.0,0.009894,476100.0,0.0,12082.803117,
2017/03/13,747900.02181,722.0,89178800.0,0.010914,1096580.0,0.0,10112.886921,
2017/03/14,1334506.63516,692.0,98498700.0,0.011614,701027.0,0.0,12476.096726,
2017/03/15,881994.680799,774.0,104547000.0,0.011237,497301.0,0.0,11607.984853,
2017/03/16,548404.983308,736.0,101410000.0,0.011102,640608.0,0.0,12171.038514,
2017/03/17,285721.693376,798.0,99976500.0,0.011788,829333.0,0.0,11583.295229,
2017/03/18,515890.588059,790.0,103870000.0,0.011957,930344.0,0.0,12317.73087,
2017/03/19,981556.553262,655.0,107514000.0,0.016474,2619470.0,0.0,10604.63852,
2017/03/20,957205.280016,1087.0,146475000.0,0.014328,2312320.0,0.0,25450.799086,
2017/03/21,873003.5304,984.0,129631000.0,0.0158,1174180.0,0.0,14371.469138,
2017/03/22,911116.742944,935.0,142286000.0,0.016312,1313950.0,0.0,14792.022615,
2017/03/23,924418.86226,945.0,146839000.0,0.01502,801946.0,0.0,15704.405421,
2017/03/24,723397.745302,858.0,134264000.0,0.013891,918205.0,0.0,15021.431548,
2017/03/25,468403.43482,790.0,125381000.0,0.01271,1267940.0,0.0,457346.641832,
2017/03/26,493514.901684,894.0,114201000.0,0.013527,602948.0,0.0,14250.700038,
2017/03/27,347504.659392,890.0,122383000.0,0.013332,647927.0,0.0,22288.327087,
2017/03/28,439423.778865,848.0,119969000.0,0.013647,440369.0,0.0,11802.628377,
2017/03/29,620172.961752,762.0,122347000.0,0.014892,648006.0,0.0,9369.705186,
2017/03/30,455294.462392,811.0,134032000.0,0.014036,496073.0,0.0,10959.268831,
2017/03/31,302532.11688,836.0,125699000.0,0.014928,691479.0,0.0,9125.781132,
2017/04/01,422451.470784,875.0,134287000.0,0.017632,2447890.0,0.0,9727.665463,
2017/04/02,762034.11543,1010.0,157994000.0,0.016086,1424000.0,0.0,16844.462274,
2017/04/03,663320.0,953.0,145174000.0,0.02,3046200.0,0.0,14582.105974,
2017/04/04,1364619.24265,1085.0,179777000.0,0.018258,1116120.0,0.0,18596.953264,
2017/04/05,817305.45477,866.0,164592000.0,0.017454,703122.0,0.0,18942.120842,
2017/04/06,296391.400207,758.0,157325000.0,0.016597,876617.0,0.0,8826.461785,
2017/04/07,547752.837504,795.0,149323000.0,0.016876,537684.0,0.0,10656.959569,
2017/04/08,351864.153595,745.0,151344000.0,0.018439,566747.0,0.0,9518.235484,
2017/04/09,403705.83246,725.0,166109000.0,0.020015,1427210.0,0.0,8811.726647,
2017/04/10,521869.248621,1052.0,183982000.0,0.020881,935290.0,0.0,12512.896034,
2017/04/11,884095.363826,1047.0,186548000.0,0.019801,624476.0,0.0,11425.439257,
2017/04/12,450118.748502,872.0,177420000.0,0.020753,352057.0,0.0,9071.505947,
2017/04/13,311790.937808,787.0,187240000.0,0.021136,913704.0,0.0,7611.859031,
2017/04/14,493564.699824,830.0,190834000.0,0.022076,646718.0,0.0,9333.853952,
2017/04/15,619893.573578,856.0,197651000.0,0.024322,3447680.0,0.0,9307.997017,
2017/04/16,2065805.00038,1054.0,220588000.0,0.024114,1125710.0,0.0,15309.957944,
2017/04/17,565482.316456,965.0,217653000.0,0.026132,1170530.0,0.0,11575.926381,
2017/04/18,587155.652064,1279.0,235395000.0,0.028338,1941180.0,0.0,10812.859178,
2017/04/19,1817991.35172,1554.0,255586000.0,0.032498,11247000.0,0.0,17119.8272,
2017/04/20,3694633.01617,2152.0,292522000.0,0.028481,3557250.0,0.0,37844.03458,
2017/04/21,1339672.5615,1267.0,254881000.0,0.032971,3036720.0,0.0,16222.582522,
2017/04/22,1964405.95327,1148.0,295305000.0,0.03197,2138240.0,0.0,41443.040703,
2017/04/23,1186729.94938,1195.0,288788000.0,0.031441,1484040.0,0.0,13142.550587,
2017/04/24,1089670.09328,1054.0,282409000.0,0.034198,2517040.0,0.0,13670.987939,
2017/04/25,1720880.35986,1017.0,309660000.0,0.037436,5342870.0,0.0,59842.232242,
2017/04/26,2400747.64174,1419.0,336824000.0,0.049937,13731300.0,0.0,18889.364917,
2017/04/27,4953847.03762,1983.0,449886000.0,0.046975,21176600.0,0.0,32949.880684,
2017/04/28,6429708.33236,2255.0,422347000.0,0.048639,7871700.0,0.0,32853.943267,
2017/04/29,1864894.44461,1485.0,436629000.0,0.048039,4997420.0,0.0,16903.902123,
2017/04/30,7163306.56847,1321.0,431966000.0,0.050966,4804860.0,0.0,14681.760162,
2017/05/01,1616850.76613,1354.0,461377000.0,0.052053,9305290.0,0.0,14160.317996,
2017/05/02,3992177.13329,1669.0,474830000.0,0.051829,5264940.0,0.0,23237.827766,
2017/05/03,3583602.2101,1410.0,465385000.0,0.052956,3604820.0,0.0,15942.973954,
2017/05/04,1824388.31119,1189.0,479835000.0,0.063401,10730500.0,0.0,11857.464355,
2017/05/05,4687580.87702,1475.0,570733000.0,0.072928,16512500.0,0.0,17199.519887,
2017/05/06,14194174.6913,2162.0,654404000.0,0.073401,6168840.0,0.0,25267.743691,
2017/05/07,7639275.45754,1497.0,660039000.0,0.099328,21352200.0,0.0,15240.984737,
2017/05/08,8725502.982,1929.0,894815000.0,0.118875,43509000.0,0.0,25217.287252,
2017/05/09,14504063.9251,3148.0,1121340000.0,0.111753,21064200.0,0.0,30487.388629,
2017/05/10,5853222.21148,2487.0,1044170000.0,0.111377,10328900.0,0.0,21272.445637,
2017/05/11,6402486.33094,1912.0,1001430000.0,0.109908,7214730.0,0.0,17339.47603,
2017/05/12,4377490.68259,1946.0,984546000.0,0.130036,12794300.0,0.0,27949.67339,
2017/05/13,3539010.87306,1938.0,1180110000.0,0.127062,9053670.0,0.0,14407.968954,
2017/05/14,5689822.01333,1957.0,1147820000.0,0.125946,6278030.0,0.0,14633.395707,
2017/05/15,8045688.37275,1833.0,1131620000.0,0.117825,8761660.0,0.0,27358.676805,
2017/05/16,4726319.7948,1691.0,1054760000.0,0.1074,14914200.0,0.0,13084.446496,
2017/05/17,11444456.593,2063.0,947727000.0,0.120358,13923900.0,0.0,24192.384515,
2017/05/18,14795298.3121,2243.0,1081160000.0,0.214931,72737900.0,0.0,23766.133132,
2017/05/19,23270988.6336,3718.0,1990100000.0,0.212863,73752700.0,0.0,35134.532889,
2017/05/20,16174003.495,3900.0,1921230000.0,0.225015,28870600.0,0.0,39891.918791,
2017/05/21,9991283.06908,2567.0,2030090000.0,0.244041,22914700.0,0.0,19795.747458,
2017/05/22,8394541.7761,2532.0,2192350000.0,0.259399,33772700.0,0.0,17106.52766,
2017/05/23,12530722.6759,2836.0,2341210000.0,0.2651,19114200.0,0.0,20647.012778,
2017/05/24,11362457.6229,2502.0,2401910000.0,0.261565,23787600.0,0.0,25784.123921,
2017/05/25,7949059.15344,2356.0,2353880000.0,0.206736,24245600.0,0.0,15925.699263,
2017/05/26,6081568.19372,2555.0,1844980000.0,0.182618,20842000.0,0.0,20773.104767,
2017/05/27,9871933.15848,2699.0,1631650000.0,0.19884,28283500.0,0.0,20596.202915,
2017/05/28,13744092.4199,2853.0,1822710000.0,0.208126,19680000.0,0.0,23341.733383,
2017/05/29,4416154.08956,2109.0,1856770000.0,0.208717,9990310.0,0.0,13241.731933,
2017/05/30,2749524.76427,1684.0,1874330000.0,0.186042,13067800.0,0.0,9751.534424,
2017/05/31,3563639.55682,1968.0,1672130000.0,0.202065,13405700.0,0.0,12215.53547,
2017/06/01,4474916.88501,1969.0,1818990000.0,0.230595,16924700.0,0.0,12241.20708,
2017/06/02,3894628.85744,2018.0,2070530000.0,0.227844,13133400.0,0.0,12595.991252,
2017/06/03,5372584.46882,1974.0,2039810000.0,0.215075,13544800.0,0.0,13452.843973,
2017/06/04,5731078.56085,3611.0,1944480000.0,0.215562,10367500.0,0.0,17929.524037,
2017/06/05,6050022.31702,3429.0,1946560000.0,0.236163,22743200.0,0.0,15315.965026,
2017/06/06,4342441.72926,3153.0,2124690000.0,0.233988,12949100.0,0.0,14389.075443,
2017/06/07,4834442.27805,3716.0,2105850000.0,0.209825,12271700.0,0.0,15008.154179,
2017/06/08,27396417.3237,4107.0,1860060000.0,0.219575,11301000.0,0.0,16621.287155,
2017/06/09,3990644.63446,3551.0,1970650000.0,0.215685,11839500.0,0.0,15456.256218,
2017/06/10,3643556.69415,2597.0,1958400000.0,0.202606,20436700.0,0.0,13379.644033,
2017/06/11,9693769.01117,2946.0,1816140000.0,0.218017,17539500.0,0.0,21499.527611,
2017/06/12,4264182.83197,2450.0,1962130000.0,0.202731,19158000.0,0.0,16652.365256,
2017/06/13,43902882.1038,2060.0,1816250000.0,0.210863,11999300.0,0.0,13297.141857,
2017/06/14,21918141.7099,2934.0,1893100000.0,0.201501,19994300.0,0.0,15049.76674,
2017/06/15,5946545.62055,3865.0,1806020000.0,0.194843,11938800.0,0.0,17545.32022,
2017/06/16,9943226.21779,3490.0,1758410000.0,0.192579,7807150.0,0.0,15088.865228,
2017/06/17,4267242.10344,1565.0,1736280000.0,0.204418,19853500.0,0.0,8505.460299,
2017/06/18,65382450.9153,2337.0,1856380000.0,0.198033,8272620.0,0.0,22960.742825,
2017/06/19,7093450.67396,1601.0,1782000000.0,0.195966,10282000.0,0.0,10563.355614,
2017/06/20,8415634.12758,3880.0,1760000000.0,0.199343,17721300.0,0.0,14992.241329,
2017/06/21,6452689.74944,5584.0,1802150000.0,0.191312,7562060.0,0.0,18184.359497,
2017/06/22,5795740.91815,2016.0,1720520000.0,0.182819,5643220.0,0.0,11947.735921,
2017/06/23,4318787.51905,1567.0,1645960000.0,0.197522,6104580.0,0.0,10450.692818,
2017/06/24,3257939.80616,1409.0,1777710000.0,0.18616,8007700.0,0.0,9216.241349,
2017/06/25,8193094.30102,1427.0,1667510000.0,0.177182,6781830.0,0.0,12358.819405,
2017/06/26,2723682.34353,1378.0,1597940000.0,0.162366,8615680.0,0.0,9923.863997,
2017/06/27,4758209.52361,1682.0,1461290000.0,0.163454,5954270.0,0.0,12061.134088,
2017/06/28,105213652.875,1687.0,1477110000.0,0.170694,7495030.0,0.0,19408.115614,
2017/06/29,25383081.5466,1870.0,1540500000.0,0.163684,4851220.0,0.0,13370.062241,
2017/06/30,3029024.67161,1608.0,1474290000.0,0.159532,4116550.0,0.0,16615.092204,
2017/07/01,2276979.111,1679.0,1436360000.0,0.145722,3496010.0,0.0,9725.061576,
2017/07/02,5324537.64564,2094.0,1307290000.0,0.159311,5179360.0,0.0,10642.036283,
2017/07/03,5864474.35802,2230.0,1434680000.0,0.176653,5657780.0,0.0,12128.46101,
2017/07/04,3120849.69195,2495.0,1586620000.0,0.18835,12967300.0,0.0,11635.374855,
2017/07/05,5779757.07179,1975.0,1685080000.0,0.174562,3884360.0,0.0,12057.460066,
2017/07/06,1956482.7405,1951.0,1569400000.0,0.169307,3867280.0,0.0,10252.842986,
2017/07/07,2902158.8134,1825.0,1523510000.0,0.156905,4444970.0,0.0,9464.210326,
2017/07/08,6740109.06603,2236.0,1402870000.0,0.158505,4663310.0,0.0,10546.244339,
2017/07/09,5313957.27465,1942.0,1428980000.0,0.152993,2789610.0,0.0,11458.330856,
2017/07/10,1705643.54856,1731.0,1380660000.0,0.132048,5462570.0,0.0,8345.812313,
2017/07/11,11063750.2949,1987.0,1212930000.0,0.119303,4746410.0,0.0,12941.225069,
2017/07/12,5482418.33033,3418.0,1058530000.0,0.133841,3307920.0,0.0,39716.100378,
2017/07/13,4361103.44209,2520.0,1209350000.0,0.122953,3135620.0,0.0,24207.456009,
2017/07/14,3013415.98194,2023.0,1104370000.0,0.117498,2077230.0,0.0,10714.935178,
2017/07/15,2360587.11651,2482.0,1057430000.0,0.111478,3213760.0,0.0,30994.038195,
2017/07/16,2100965.85765,1934.0,999834000.0,0.097294,2583610.0,0.0,13499.91721,
2017/07/17,2698190.79105,1376.0,876887000.0,0.133729,4458730.0,0.0,8773.746891,
2017/07/18,5259821.19647,1657.0,1222820000.0,0.132327,5351550.0,0.0,12650.763036,
2017/07/19,2285919.29182,2004.0,1187570000.0,0.126825,2800440.0,0.0,10970.484608,
2017/07/20,2339338.05329,1434.0,1140830000.0,0.152087,3545910.0,0.0,8200.025887,
2017/07/21,2528343.48149,1503.0,1384740000.0,0.143792,2788780.0,0.0,8856.209191,
2017/07/22,2191180.06733,2030.0,1291780000.0,0.176768,5211550.0,0.0,18294.908599,
2017/07/23,2306284.66749,2229.0,1590560000.0,0.166136,5915450.0,0.0,19840.874884,
2017/07/24,3608220.3257,1736.0,1493910000.0,0.169644,2995870.0,0.0,9316.564798,
2017/07/25,3604171.88747,1668.0,1526900000.0,0.158206,6075320.0,0.0,11207.36611,
2017/07/26,4355745.76305,1660.0,1421080000.0,0.156463,2508770.0,0.0,11992.818097,
2017/07/27,2211598.42815,1650.0,1411810000.0,0.170475,5341670.0,0.0,7885.58793,
2017/07/28,2485261.26274,2040.0,1540930000.0,0.165774,5062930.0,0.0,11499.127942,
2017/07/29,2371343.90839,1709.0,1488300000.0,0.170197,2496500.0,0.0,10001.630425,
2017/07/30,1816693.8825,1572.0,1535980000.0,0.1605,2475570.0,0.0,8631.403599,
2017/07/31,1488447.20797,1468.0,1447330000.0,0.165068,2892660.0,0.0,7806.230515,
2017/08/01,1518067.17894,1603.0,1490440000.0,0.181054,3956940.0,0.0,7994.051912,
2017/08/02,11598788.9165,2992.0,1637360000.0,0.219719,14489000.0,0.0,27735.420083,
2017/08/03,8737569.06795,2736.0,1990690000.0,0.22689,14302400.0,0.0,17065.159975,
2017/08/04,9357812.1364,3372.0,2048550000.0,0.22424,7870620.0,0.0,20390.014178,
2017/08/05,5056223.93949,2227.0,2016120000.0,0.228656,7322590.0,0.0,10518.263604,
2017/08/06,7029924.79406,2004.0,2062750000.0,0.248318,5886540.0,0.0,9730.651077,
2017/08/07,3470962.6541,2132.0,2260820000.0,0.280321,23044000.0,0.0,9177.727337,
2017/08/08,45625937.4066,3162.0,2534090000.0,0.275143,21374100.0,0.0,17293.486616,
2017/08/09,13954395.4187,3250.0,2468730000.0,0.279883,10081100.0,0.0,19209.538366,
2017/08/10,6670011.44863,2403.0,2510120000.0,0.294135,11712700.0,0.0,13573.650419,
2017/08/11,9134609.94929,3356.0,2643420000.0,0.295213,8241000.0,0.0,19700.478852,
2017/08/12,8447127.75744,3325.0,2645690000.0,0.278085,6159860.0,0.0,23381.656621,
2017/08/13,3831085.46809,2310.0,2496650000.0,0.257339,8310080.0,0.0,12530.381328,
2017/08/14,5421130.70346,2103.0,2311850000.0,0.256048,12505500.0,0.0,12072.023794,
2017/08/15,8290361.25395,2245.0,2306530000.0,0.247928,12637400.0,0.0,14782.682696,
2017/08/16,7021251.40064,2465.0,2241880000.0,0.258012,10039900.0,0.0,15619.495097,
2017/08/17,3616960.21332,2071.0,2309620000.0,0.244955,6487950.0,0.0,11087.733105,
2017/08/18,2942763.96605,2118.0,2196180000.0,0.243244,7653200.0,0.0,11805.455372,
2017/08/19,4208399.55472,1971.0,2181080000.0,0.256137,9197000.0,0.0,11710.803197,
2017/08/20,5080999.03133,1955.0,2286960000.0,0.271441,13189900.0,0.0,12074.185378,
2017/08/21,6749825.69275,2221.0,2446190000.0,0.252456,13775000.0,0.0,12305.895162,
2017/08/22,5775877.71628,3996.0,2294690000.0,0.254089,10350500.0,0.0,23952.828994,
2017/08/23,9800643.57398,3126.0,2285820000.0,0.249603,8303140.0,0.0,15295.294683,
2017/08/24,6049042.80521,2404.0,2250740000.0,0.265512,10249000.0,0.0,10976.227827,
2017/08/25,6542462.97505,2321.0,2364060000.0,0.270482,8676560.0,0.0,11063.845812,
2017/08/26,3683053.00252,2136.0,2426580000.0,0.268393,7902690.0,0.0,8998.801252,
2017/08/27,14411412.414,2451.0,2435060000.0,0.274641,8192460.0,0.0,8633.115214,
2017/08/28,17044165.6198,2664.0,2472360000.0,0.278257,9644680.0,0.0,11799.95158,
2017/08/29,5688955.68125,2316.0,2522410000.0,0.283717,7845260.0,0.0,10291.408366,
2017/08/30,6874390.09359,2321.0,2546530000.0,0.295817,8605120.0,0.0,7734.673323,
2017/08/31,8450193.92717,3263.0,2655060000.0,0.337213,22669900.0,0.0,8070.097398,
2017/09/01,17061751.4559,4134.0,3029420000.0,0.33231,12082700.0,0.0,12992.142904,
2017/09/02,5877467.88498,2574.0,2984640000.0,0.295884,9560410.0,0.0,6923.038445,
2017/09/03,6107181.72211,3117.0,2683530000.0,0.307264,7413990.0,0.0,7657.328179,
2017/09/04,6123687.78338,2816.0,2769620000.0,0.27322,9299200.0,0.0,6815.488888,
2017/09/05,14832990.4069,2646.0,2487450000.0,0.286227,7635410.0,0.0,8319.100919,
2017/09/06,15520176.2281,2558.0,2584110000.0,0.301941,4629700.0,0.0,7352.502051,
2017/09/07,7191573.41491,2313.0,2717150000.0,0.293376,4079350.0,0.0,6496.190718,
2017/09/08,7379922.60748,2077.0,2636760000.0,0.268641,6704690.0,0.0,6465.673675,
2017/09/09,23809810.775,2094.0,2411240000.0,0.267264,4871730.0,0.0,6511.859599,
2017/09/10,11025435.5395,2097.0,2402760000.0,0.256975,6543570.0,0.0,6128.962191,
2017/09/11,7832624.31654,2104.0,2304150000.0,0.252026,3639410.0,0.0,6047.222549,
2017/09/12,5935071.51548,1927.0,2262990000.0,0.249074,3902820.0,0.0,5813.3477,
2017/09/13,5250167.1903,1968.0,2231990000.0,0.233825,9181580.0,0.0,5945.187412,
2017/09/14,7628949.16819,2091.0,2103510000.0,0.164254,7570880.0,0.0,10727.003012,
2017/09/15,10163646.4505,2443.0,1480350000.0,0.211752,13231800.0,0.0,8409.512862,
2017/09/16,12161952.3464,2775.0,1907340000.0,0.207831,5334960.0,0.0,10857.489028,
2017/09/17,7557823.5754,1949.0,1871810000.0,0.204067,4402470.0,0.0,5669.839597,
2017/09/18,8266280.5976,2001.0,1836520000.0,0.248516,6232240.0,0.0,5898.834314,
2017/09/19,5809305.04739,2096.0,2246370000.0,0.237664,5278220.0,0.0,5537.01761,
2017/09/20,4440463.09013,1963.0,2141460000.0,0.231746,3008920.0,0.0,5724.001374,
2017/09/21,6943323.69074,1842.0,2072960000.0,0.210871,3361070.0,0.0,4152.017516,
2017/09/22,4062439.52068,1712.0,1900040000.0,0.210635,2929650.0,0.0,4341.43547,
2017/09/23,3592205.8047,1543.0,1889590000.0,0.222205,1997070.0,0.0,4632.703965,
2017/09/24,2227736.03804,1482.0,1994570000.0,0.216154,2016530.0,0.0,2804.886438,
2017/09/25,1926623.83045,1391.0,1945050000.0,0.232506,2800870.0,0.0,3151.4936,
2017/09/26,5989458.5709,1716.0,2090240000.0,0.228646,2282950.0,0.0,4654.786173,
2017/09/27,3067148.50946,1642.0,2052900000.0,0.243301,3733480.0,0.0,4171.580493,
2017/09/28,5273265.47412,1697.0,2192630000.0,0.238268,3738470.0,0.0,4289.433976,
2017/09/29,4448758.1686,1954.0,2143400000.0,0.237538,5254500.0,0.0,5135.913887,
2017/09/30,5223736.31572,1800.0,2126640000.0,0.235162,3376060.0,0.0,5539.678702,
2017/10/01,5169578.65693,1823.0,2120520000.0,0.24618,4232170.0,0.0,4108.426107,
2017/10/02,10162806.7116,2014.0,2206660000.0,0.231441,3983190.0,0.0,4499.247854,
2017/10/03,12489081.2728,3292.0,2079210000.0,0.22274,3327450.0,0.0,7005.332666,
2017/10/04,4748423.17155,2382.0,2010220000.0,0.218456,2401820.0,0.0,5777.443034,
2017/10/05,2585088.70269,1841.0,1963310000.0,0.211072,4460130.0,0.0,3695.69027,
2017/10/06,7855306.68094,2108.0,1905590000.0,0.211324,5122770.0,0.0,7078.303208,
2017/10/07,4283179.72965,1845.0,1907490000.0,0.212189,4376190.0,0.0,6739.042062,
2017/10/08,3579958.08068,1660.0,1896110000.0,0.194807,4830460.0,0.0,5188.222329,
2017/10/09,3610784.31359,1687.0,1752840000.0,0.194931,6003100.0,0.0,4920.722437,
2017/10/10,4670176.43698,2010.0,1745490000.0,0.209909,5169550.0,0.0,7962.854497,
2017/10/11,3692392.12375,2013.0,1892910000.0,0.214811,2753270.0,0.0,6969.048888,
2017/10/12,1838264.61845,1856.0,1933180000.0,0.206147,4425210.0,0.0,4114.009405,
2017/10/13,2858345.24017,1769.0,1851320000.0,0.211569,5996320.0,0.0,5681.986081,
2017/10/14,3886744.49288,1911.0,1905510000.0,0.210581,3189400.0,0.0,6836.141093,
2017/10/15,2701579.53253,1628.0,1896390000.0,0.2073,2933540.0,0.0,5000.308001,
2017/10/16,3431031.35647,1639.0,1862590000.0,0.223181,14101500.0,0.0,5403.112384,
2017/10/17,4585031.58741,2057.0,2017790000.0,0.218207,4990440.0,0.0,8455.775474,
2017/10/18,3161278.67827,2081.0,1956420000.0,0.220316,3409140.0,0.0,7602.112532,
2017/10/19,2556812.30554,1604.0,1977550000.0,0.220531,3383330.0,0.0,4167.622089,
2017/10/20,2053566.47127,1636.0,1988490000.0,0.215947,4936400.0,0.0,4116.935247,
2017/10/21,3371433.51119,1680.0,1944090000.0,0.212676,4326590.0,0.0,5711.052803,
2017/10/22,4190924.26774,1661.0,1919670000.0,0.211949,4615270.0,0.0,5970.954198,
2017/10/23,3329056.1878,1631.0,1901550000.0,0.199053,4987880.0,0.0,4584.07107,
2017/10/24,4228397.12813,1632.0,1776640000.0,0.212616,5808170.0,0.0,7231.774928,
2017/10/25,3686616.44922,1884.0,1908250000.0,0.206495,4171090.0,0.0,5486.152112,
2017/10/26,2386613.27401,2032.0,1851170000.0,0.199005,4683120.0,0.0,4751.367444,
2017/10/27,3319185.59319,1727.0,1794140000.0,0.19794,3603110.0,0.0,5580.969381,
2017/10/28,2242919.51403,1530.0,1781830000.0,0.197236,4671300.0,0.0,4133.113429,
2017/10/29,1849664.74884,1341.0,1776000000.0,0.201337,8599400.0,0.0,3480.612389,
